id,password,last_login,is_superuser,username,first_name,last_name,email,is_staff,is_active,date_joined
1,,2025-02-24 09:00:01.078204,True,buynitzkywd,,,,True,True,2023-02-01 10:58:34.000000
2,,2025-01-27 08:51:16.805018,False,helnerbm,,,,True,True,2023-02-01 11:28:56.000000
3,,2025-03-05 10:23:17.127114,False,preddyjg,,,,False,True,2023-02-01 11:29:03.000000
4,,2025-02-25 17:27:39.392763,False,delarosaac,,,,False,True,2023-02-01 11:30:27.530456
5,,2025-03-04 10:45:38.112789,False,carrhl,,,,False,True,2023-02-01 11:30:31.000000
6,,2025-03-07 12:11:54.091234,False,thornburgba,,,,False,True,2023-02-01 11:30:38.832211
7,,2025-02-26 06:24:58.189153,False,s.jay,,,,False,True,2023-02-06 13:02:18.000000
8,,2025-02-27 17:40:17.921963,False,congerma,,,,False,True,2023-02-15 11:22:54.000000
9,,2024-05-06 11:46:29.196875,False,e.pedersen,,,,False,True,2023-06-13 12:19:51.381998
10,,2024-12-09 09:13:48.553273,False,williamslg,,,,False,True,2023-06-21 10:57:43.479823
11,,2025-02-21 12:02:57.010565,False,k.johnson,,,,False,True,2023-07-24 11:34:59.792430
12,,2025-03-04 16:10:40.171179,False,b.alligood,,,,False,True,2023-08-01 15:13:22.810416
13,,2024-12-18 11:25:24.459403,False,c.madigan,,,,False,True,2023-09-18 11:46:13.781295
14,,2025-02-28 14:58:50.328487,False,m.diaby,,,,False,True,2023-09-28 15:02:13.874811
15,,2025-03-06 11:34:02.149008,False,jonestb,,,,False,True,2023-09-28 16:23:35.816866
16,,2023-10-16 15:40:24.868125,False,hutenca,,,,False,True,2023-10-16 15:40:24.852508
17,,2024-11-12 10:51:08.777965,False,howelleb,,,,False,True,2024-01-04 11:21:49.956719
18,,2025-02-20 13:39:49.618274,False,n.moore,,,,False,True,2024-04-23 14:20:47.741943
19,,2025-02-24 08:43:33.802065,False,blalockdw,,,,False,True,2024-05-07 13:20:35.750370
20,,2025-02-10 12:18:07.645778,False,tatesl,,,,False,True,2024-07-18 18:42:49.508657
21,,2025-02-21 15:41:10.113115,False,lawsonrc,,,,False,True,2024-07-22 13:28:19.538232
22,,2025-03-04 11:43:38.586066,False,labbench1,,,,False,True,2024-08-06 19:43:50.788248
23,,2024-09-11 10:04:57.990408,False,d.cunningham,,,,False,True,2024-09-11 10:04:57.943533
24,,2024-11-01 08:50:48.699588,False,emmam,,,,False,True,2024-10-02 10:57:25.187401
25,,2025-03-06 10:14:37.713327,False,labpilot3,,,,False,True,2024-10-04 10:13:41.617022
26,,2024-10-22 15:09:22.539456,False,j.mcdevitt,,,,False,True,2024-10-22 15:09:08.690887
27,,2025-02-28 14:57:44.015939,False,r.abernathy,,,,False,True,2024-10-29 07:25:49.107563
28,,2025-03-03 11:02:09.496611,False,n.starnes,,,,False,True,2024-10-29 08:25:21.455877
29,,2025-02-27 21:13:24.524286,False,c.decker,,,,False,True,2024-10-31 12:55:47.957859
30,,2025-02-17 08:00:02.215036,False,a.horun,,,,False,True,2024-11-04 12:53:33.784539
31,,2025-03-05 12:58:48.568947,False,e.alvarez,,,,False,True,2024-11-08 10:51:51.000000
32,,2024-11-13 14:51:15.947434,False,ndiazm,,,,False,True,2024-11-13 14:51:15.916203
33,,2025-02-25 15:06:11.427682,False,k.miles,,,,False,True,2024-11-13 15:41:41.523336
34,,2025-02-05 10:00:04.928463,False,r.glickert,,,,False,True,2024-11-18 10:21:32.381768
35,,2025-02-26 17:00:26.246994,False,labpilot1,,,,False,True,2024-11-19 09:57:18.452881
36,,2025-02-28 12:11:06.940412,False,labpilot2,,,,False,True,2024-11-21 08:28:36.928397
37,,2025-02-28 11:36:30.309690,False,a.hiser,,,,False,True,2024-11-21 11:02:27.182817
38,,2025-01-09 15:15:19.061020,False,l.wells,,,,False,True,2025-01-09 15:15:19.028020
39,,2025-02-11 14:01:37.727910,False,b.hawkins,,,,False,True,2025-01-16 15:54:29.304839
40,,2025-01-17 13:24:35.105624,False,moralesa,,,,False,True,2025-01-17 13:24:35.063620
41,,2025-01-23 15:09:50.967694,False,stillm,,,,False,True,2025-01-23 15:09:50.913969
42,,2025-01-28 17:16:57.853232,False,pritchardsg,,,,False,True,2025-01-28 17:16:57.815229
43,,2025-02-10 13:18:51.193108,False,amanv,,,,False,True,2025-02-10 13:18:51.154108
