id,lab_request_sample_id,test_type_id
1,2,2
2,3,2
3,4,2
4,5,2
5,6,2
6,7,2
7,8,2
8,9,2
9,10,2
10,11,2
11,12,2
12,13,2
13,14,2
14,15,2
15,16,2
16,17,2
17,18,2
18,19,2
19,20,2
20,21,2
21,22,2
22,23,2
23,24,2
24,25,2
25,26,2
26,27,2
27,28,2
28,29,2
29,30,2
30,31,2
31,32,2
32,33,2
33,34,2
34,35,2
36,36,2
35,37,2
37,38,2
38,39,2
39,40,2
40,41,2
41,42,2
42,43,2
43,44,2
44,45,2
45,46,2
46,47,2
47,48,2
48,49,2
49,50,2
50,51,2
51,52,2
52,53,2
53,54,2
54,55,2
55,56,2
56,57,2
57,58,2
58,59,2
59,60,2
60,61,2
61,62,2
62,63,2
63,64,2
64,65,2
65,66,2
66,67,2
67,68,2
68,69,2
69,70,2
70,71,2
71,72,2
72,73,2
73,74,2
74,75,2
75,76,2
76,77,2
77,78,2
78,79,2
79,80,2
80,81,2
81,82,2
82,83,2
83,84,2
85,85,2
84,86,2
86,87,2
87,88,2
88,89,2
89,90,2
90,91,2
91,92,2
92,93,2
93,94,2
94,95,2
95,96,2
96,97,2
97,98,2
98,99,2
99,100,2
100,101,2
101,102,2
102,103,2
103,104,2
104,105,2
105,106,2
106,107,2
107,108,2
108,109,2
109,110,2
110,111,2
111,112,2
112,113,2
113,114,2
115,119,2
116,120,2
117,121,2
118,126,2
119,128,2
120,129,2
121,130,2
122,131,2
123,132,2
124,133,2
125,134,2
126,135,2
127,136,2
128,137,2
129,138,2
130,141,2
131,144,2
132,145,2
133,146,2
134,147,2
135,148,2
136,149,2
137,150,2
138,151,2
139,152,2
140,153,2
141,154,2
142,155,2
143,156,2
144,157,2
145,158,3
146,159,3
147,160,2
148,161,3
149,162,2
150,163,2
151,164,2
152,165,2
153,166,2
154,167,2
155,168,2
156,169,2
157,170,2
158,171,2
159,172,2
160,173,2
161,174,2
162,175,2
163,176,2
164,177,2
165,178,2
166,179,2
167,180,2
168,181,2
169,182,2
170,183,2
171,184,2
172,185,2
173,186,2
174,187,2
175,188,2
176,189,2
177,190,2
178,191,2
179,192,2
180,193,2
181,194,2
182,195,2
183,196,2
184,197,2
185,198,2
186,199,2
187,200,2
188,201,2
189,202,2
190,203,2
191,204,2
192,205,2
193,206,2
194,207,2
195,208,2
196,209,2
197,210,2
198,211,2
199,212,2
200,213,2
201,214,2
202,215,2
203,216,2
204,217,2
205,218,2
206,219,2
207,220,2
208,221,2
209,222,2
210,223,2
211,224,2
212,225,3
213,226,2
214,227,2
215,228,2
216,229,2
217,230,2
218,231,2
219,232,2
220,233,2
221,234,2
222,235,2
223,236,2
224,237,2
225,238,2
226,239,2
227,240,2
228,241,2
229,242,2
230,243,2
231,244,2
232,245,2
233,246,2
234,247,2
235,248,2
236,249,2
237,250,2
242,251,2
238,252,2
239,253,2
240,254,2
241,255,2
243,256,2
244,257,2
245,258,2
246,259,2
247,260,2
248,261,2
249,262,2
250,263,2
251,264,2
252,265,2
253,266,2
254,267,2
255,268,2
256,269,2
257,272,2
258,273,2
259,274,2
260,275,2
261,276,2
262,278,2
263,279,2
264,280,2
265,281,2
267,283,2
268,284,2
269,285,2
270,286,2
271,287,2
272,288,2
273,289,2
274,290,2
275,291,2
276,292,2
277,303,2
278,304,2
279,307,2
280,308,2
281,309,2
282,310,2
283,311,2
284,312,2
285,313,2
286,314,2
287,315,2
288,316,2
289,317,2
290,318,2
291,319,2
292,320,2
293,321,2
294,322,2
295,323,2
296,324,2
297,325,2
298,326,2
299,327,2
300,328,2
301,329,2
302,330,2
303,331,2
304,332,2
305,333,2
306,334,2
307,335,2
308,336,2
309,337,2
310,340,2
311,343,2
312,344,2
313,345,2
314,346,2
315,347,2
316,348,2
317,349,2
318,351,2
319,352,2
320,353,2
321,354,2
322,355,2
323,356,2
324,357,2
325,358,2
332,365,2
333,366,2
334,367,2
335,368,2
336,369,2
337,370,2
338,371,2
339,372,2
340,373,2
341,374,2
342,375,2
343,376,2
344,377,2
345,378,2
346,379,2
347,380,2
348,381,2
349,382,2
350,383,2
351,384,2
352,385,2
353,386,2
354,387,2
355,388,2
356,389,2
365,398,2
366,399,2
367,400,2
368,401,2
369,402,2
370,403,2
371,404,2
372,405,2
373,406,2
374,407,2
375,408,2
376,409,2
377,410,2
378,411,2
379,412,2
380,413,2
381,414,2
382,415,2
383,416,2
384,417,2
385,417,3
386,418,2
387,418,3
388,419,2
389,419,3
390,420,2
391,420,3
392,421,2
393,421,3
394,422,2
395,422,3
396,423,2
397,424,2
398,425,2
399,426,2
400,427,2
401,428,2
402,429,2
403,430,2
404,431,2
405,432,2
406,433,2
407,434,2
408,435,2
409,436,2
410,437,2
411,438,2
412,439,2
413,440,2
414,441,2
415,442,2
416,443,2
417,444,2
418,445,2
419,448,2
420,449,2
421,450,2
422,451,2
423,452,2
424,453,2
425,454,2
426,455,2
427,456,2
428,457,2
429,458,2
430,459,2
431,460,2
432,461,2
437,466,2
438,467,2
439,468,2
440,469,2
441,470,2
442,471,2
443,472,2
444,473,2
445,474,2
446,475,2
447,476,2
448,477,2
449,478,2
450,479,2
451,480,2
452,481,2
453,482,2
454,483,2
455,484,2
456,485,2
457,486,2
458,487,2
459,488,2
460,489,2
461,490,2
462,491,2
463,493,2
464,494,2
465,495,2
466,496,2
467,497,2
468,498,2
469,499,2
470,500,2
471,501,2
472,502,2
473,503,2
474,504,2
475,505,2
476,506,2
477,507,2
478,508,2
479,509,2
480,510,2
481,511,2
482,512,2
483,513,2
484,514,2
485,515,2
486,516,2
487,517,2
488,518,2
489,519,2
490,520,2
491,521,2
492,522,2
493,523,2
495,525,2
496,526,2
497,527,2
498,528,2
499,529,2
500,530,2
501,531,2
502,532,2
503,533,2
504,534,2
506,536,2
507,537,2
508,538,2
509,539,2
510,540,2
511,541,2
512,542,2
513,543,2
514,544,2
515,545,2
516,546,2
517,547,2
518,548,2
519,549,2
520,550,2
521,551,2
522,552,2
523,553,2
524,554,2
525,555,2
526,556,2
527,557,2
528,558,2
529,559,2
530,560,2
531,561,2
532,562,2
533,563,2
534,564,2
535,565,2
536,566,2
537,567,2
538,568,2
539,569,2
540,570,2
541,571,2
542,572,2
543,573,2
544,574,2
545,575,2
546,576,2
547,577,2
548,578,2
549,579,2
550,580,2
551,581,2
552,582,2
553,583,2
554,584,2
555,585,2
556,586,2
557,587,2
558,588,2
559,589,2
560,590,2
561,591,2
562,592,2
563,593,2
564,594,2
565,595,2
566,596,2
567,597,2
568,598,2
569,599,2
570,600,2
571,601,2
572,602,2
573,603,2
574,604,2
575,605,2
576,606,2
577,607,2
578,608,2
579,609,2
580,610,2
581,611,2
582,612,2
583,613,2
584,614,2
585,616,2
586,617,2
587,618,2
588,619,2
589,620,2
590,621,2
591,622,2
592,623,2
593,624,2
594,625,2
595,626,2
596,627,2
597,628,2
598,629,2
599,630,2
600,631,2
601,632,2
602,633,2
603,634,2
604,635,2
605,636,2
606,637,2
607,638,2
608,639,2
609,640,2
610,641,2
611,642,2
612,643,2
613,644,2
614,645,2
615,646,2
616,647,2
617,648,2
618,649,2
619,650,2
620,651,2
621,652,2
622,653,2
623,654,2
624,655,2
625,656,2
626,657,2
627,658,2
628,659,2
629,660,2
630,661,2
631,662,2
632,663,2
633,664,2
634,665,2
635,666,2
636,667,2
637,668,2
638,669,2
639,670,2
640,671,2
641,672,2
642,673,2
643,674,2
644,675,2
645,676,2
646,677,2
647,678,2
648,679,2
649,680,2
650,681,2
651,682,2
652,683,2
653,684,2
654,685,2
655,686,2
656,687,2
657,689,2
658,691,2
659,692,2
660,693,2
661,694,2
662,695,2
663,696,2
664,697,2
665,698,2
666,699,2
667,700,2
668,701,2
669,702,2
670,705,2
672,707,2
673,708,2
674,709,2
675,710,2
676,711,2
677,712,2
678,713,2
679,714,2
680,715,2
681,716,2
682,717,2
683,721,2
684,722,2
685,723,2
686,724,2
687,725,2
688,726,2
689,727,2
690,728,2
691,729,2
692,730,2
693,731,2
694,732,2
695,733,2
696,734,2
697,735,2
698,736,3
699,737,2
700,738,2
701,739,2
702,740,2
703,741,2
704,742,2
705,743,2
706,744,2
707,745,2
708,746,2
709,747,2
710,748,2
711,749,2
712,750,2
713,751,2
714,752,2
715,753,2
716,754,2
717,755,2
718,756,2
719,757,2
720,758,2
721,759,2
722,760,2
723,761,2
724,762,2
725,763,2
726,764,2
727,765,2
728,766,2
729,767,2
730,768,2
731,769,2
