id,job_number,pcn,time_created,sequence,time_submitted,created_by_id,requested_lab_id,number,request_type_id
1,,,2023-02-24 15:14:14.213840,1,,7,2,LR-23-00001,1
2,,,2023-02-24 15:16:20.767511,2,,7,2,LR-23-00002,1
3,230105,,2023-02-28 09:33:33.062038,3,,8,2,LR-23-00003,1
4,220473,,2023-06-21 10:44:15.735302,4,2023-06-21 10:53:16.797670,8,1,LR-23-00004,1
5,220473,,2023-06-21 11:06:11.526704,5,,8,1,LR-23-00005,1
6,220473,,2023-06-21 11:12:20.904333,6,2023-06-21 11:14:59.811048,8,1,LR-23-00006,1
7,,,2023-07-17 11:16:17.652896,7,2023-07-17 11:59:15.859266,8,1,LR-23-00007,1
8,,,2023-07-17 12:16:24.045597,8,2023-07-17 12:24:31.030180,8,1,LR-23-00008,1
9,,,2023-07-25 14:31:54.262028,9,2023-07-25 14:46:16.707083,8,1,LR-23-00009,1
10,230317,4288,2023-07-25 14:48:30.065461,10,2023-07-25 15:02:24.828984,11,1,LR-23-00010,1
11,,4106,2023-07-31 11:50:07.322309,11,2023-07-31 11:53:16.699358,8,1,LR-23-00011,1
12,230336,2711,2023-08-01 15:22:24.596892,12,2023-08-01 15:28:56.586029,12,1,LR-23-00012,1
13,230168,4061,2023-08-02 10:50:12.149978,13,2023-08-02 10:53:21.998570,8,1,LR-23-00013,1
14,230265,4319,2023-08-02 16:55:48.420411,14,2023-08-02 16:57:15.073726,8,1,LR-23-00014,1
15,,2856,2023-08-07 15:33:10.355170,15,2023-08-07 15:40:54.980170,12,1,LR-23-00015,1
16,,2333,2023-08-10 10:49:53.025695,16,2023-08-10 10:53:48.994445,12,1,LR-23-00016,1
17,2749,,2023-08-11 15:07:13.193255,17,2023-08-11 15:22:48.630755,8,1,LR-23-00017,1
18,230124,4285,2023-08-14 10:16:12.370605,18,2023-08-14 11:50:17.229980,8,1,LR-23-00018,1
19,230299,341,2023-08-14 15:33:54.755000,19,2023-08-14 15:37:06.786250,8,1,LR-23-00019,1
20,230313,2808,2023-08-28 12:40:01.109689,20,2023-08-28 12:46:17.719064,8,1,LR-23-00020,1
21,230411,,2023-09-11 10:40:02.396464,21,2023-09-28 14:37:02.732863,8,1,LR-23-00021,1
22,230299,341,2023-09-15 11:54:50.010181,22,2023-09-15 11:56:01.116496,8,1,LR-23-00022,1
23,230445,2076,2023-09-15 13:27:08.251131,23,2023-09-15 13:29:47.761353,8,1,LR-23-00023,1
24,230354,4345,2023-09-15 16:34:08.516946,24,2023-09-15 16:40:18.057375,11,1,LR-23-00024,1
25,230446,2706,2023-09-21 16:23:52.073176,25,2023-09-21 16:37:29.448301,11,1,LR-23-00025,1
26,230462,2763,2023-09-29 12:26:50.064400,26,2023-09-29 12:30:02.984434,8,1,LR-23-00026,1
27,,2514,2023-10-05 14:03:58.920944,27,2023-10-05 14:08:38.344096,8,1,LR-23-00027,1
28,230400,4842,2023-10-05 16:08:45.286479,28,2023-10-05 16:19:42.563432,8,1,LR-23-00028,1
29,Completed,Tests,2023-10-06 13:45:57.587393,29,2023-10-09 08:12:52.129609,5,1,LR-23-00029,1
30,220113,4848,2023-10-16 11:31:11.361723,30,2023-10-16 11:35:21.340625,8,1,LR-23-00030,1
31,230463,324,2023-10-16 13:14:57.309186,31,2023-10-16 13:17:19.922320,8,1,LR-23-00031,1
32,230025,2600,2023-10-17 07:58:50.260017,32,2023-10-17 08:09:43.001769,12,1,LR-23-00032,1
33,,378,2023-10-20 15:51:22.450175,33,2023-10-20 16:06:24.242021,8,1,LR-23-00033,1
34,220233,4884,2023-10-20 17:42:18.789726,34,2023-10-20 18:12:23.491296,8,1,LR-23-00034,1
35,220233,4900,2023-10-20 18:13:14.964063,35,2023-10-20 18:33:32.955125,8,1,LR-23-00035,1
36,230119,2618,2023-10-25 11:56:55.119181,36,2023-10-25 12:29:31.620747,11,1,LR-23-00036,1
37,,2855,2023-10-30 11:17:38.434327,37,2023-10-30 11:32:39.211564,12,1,LR-23-00037,1
38,230409,2581,2023-10-30 12:29:40.092141,38,2023-10-30 13:10:50.592391,8,1,LR-23-00038,1
39,230231,,2023-11-06 07:58:52.724561,39,2023-11-07 10:39:23.132751,12,1,LR-23-00039,1
40,230299,341,2023-11-01 16:38:06.749088,40,2023-11-01 16:54:53.263533,11,1,LR-23-00040,1
41,230489,93,2023-11-06 08:03:45.755868,41,2023-11-06 09:12:52.976260,12,1,LR-23-00041,1
42,230514,2181,2023-11-07 14:36:45.134674,42,2023-11-07 14:45:55.324813,8,1,LR-23-00042,1
43,230328,680,2023-11-08 10:18:57.434807,43,2023-11-08 10:22:03.799999,8,1,LR-23-00043,1
44,230480,2203,2023-11-09 15:33:49.630405,44,,12,1,LR-23-00044,1
45,230480,2203,2023-11-10 09:39:36.956888,45,2023-11-10 09:51:57.317842,12,1,LR-23-00045,1
46,230480,2203,2023-11-10 09:52:37.320001,46,2023-11-10 09:53:56.526774,12,1,LR-23-00046,1
47,230480,2431,2023-11-10 09:54:26.792632,47,2023-11-10 09:56:01.735396,12,1,LR-23-00047,1
48,230480,2370,2023-11-10 10:03:44.934968,48,2023-11-10 10:05:24.879179,12,1,LR-23-00048,1
49,230480,2370,2023-11-10 10:05:47.880638,49,2023-11-10 10:07:06.122674,12,1,LR-23-00049,1
50,230480,2286,2023-11-10 10:07:20.936976,50,2023-11-10 10:08:23.971383,12,1,LR-23-00050,1
51,230480,2286,2023-11-10 10:08:34.955868,51,2023-11-10 10:09:52.379179,12,1,LR-23-00051,1
52,230367,4631,2023-11-10 16:57:30.610051,52,2023-11-10 17:19:59.668247,8,1,LR-23-00052,1
53,230367,4631,2023-11-13 12:58:02.083463,53,2023-11-13 12:59:37.454632,8,1,LR-23-00053,1
54,230536,672,2023-11-14 10:58:40.765106,54,2023-11-14 11:04:47.213448,11,1,LR-23-00054,1
55,230028,4914,2023-11-15 14:30:00.962642,55,2023-11-15 14:36:02.667946,8,1,LR-23-00055,1
56,230451,4666,2023-11-15 16:21:40.983934,56,2023-11-15 16:36:39.228986,8,1,LR-23-00056,1
57,230522,2379,2023-11-15 16:47:45.323750,57,2023-11-15 16:53:06.066453,8,1,LR-23-00057,1
58,230535,2177,2023-11-16 14:50:56.899591,58,2023-11-17 09:33:23.962366,11,1,LR-23-00058,1
59,230370,2647,2023-11-16 14:25:57.590117,59,2023-11-16 14:37:31.626526,12,1,LR-23-00059,1
60,230418,808,2023-11-21 15:42:43.753418,60,2023-11-21 15:50:31.447426,11,1,LR-23-00060,1
61,230112,4282,2023-11-21 16:07:10.823715,61,2023-11-21 16:20:10.374000,11,1,LR-23-00061,1
62,230443,4400,2023-11-21 17:09:08.359550,62,2023-11-21 17:18:06.568948,11,1,LR-23-00062,1
63,,2805,2023-11-28 16:21:13.271167,63,2023-11-28 16:58:24.747398,8,1,LR-23-00063,1
64,230410,5505,2023-11-29 15:14:27.700205,64,2023-11-29 17:17:29.020457,8,1,LR-23-00064,1
65,180626,2655,2023-11-29 15:44:53.086148,65,2023-11-29 15:51:26.256991,11,1,LR-23-00065,1
66,230358,4399,2023-11-30 11:34:12.547651,66,2023-11-30 11:40:14.822313,8,1,LR-23-00066,1
67,230547,4517,2023-11-30 15:59:08.841076,67,2023-11-30 16:03:20.155907,11,1,LR-23-00067,1
68,230224,4070,2023-12-01 16:07:35.829667,68,2023-12-01 16:14:12.867224,11,1,LR-23-00068,1
69,230108,4558,2023-12-04 09:21:47.699645,69,2023-12-04 09:38:51.567839,12,1,LR-23-00069,1
70,230468,2898,2023-12-04 09:59:48.313347,70,2023-12-04 10:02:19.784491,12,1,LR-23-00070,1
71,230504,2624,2023-12-04 10:24:18.926517,71,2023-12-04 10:44:32.873825,12,1,LR-23-00071,1
72,230108,4558,2023-12-07 16:29:08.975300,72,2023-12-07 16:36:54.487475,12,1,LR-23-00072,1
73,230028,4676,2023-12-11 14:14:19.212870,73,2023-12-11 14:21:00.913376,8,1,LR-23-00073,1
74,,4676,2023-12-11 14:23:58.989765,74,2023-12-11 14:25:14.333912,8,1,LR-23-00074,1
75,230028,776,2023-12-11 19:33:59.044576,75,2023-12-11 19:40:13.469239,8,1,LR-23-00075,1
76,230028,776,2023-12-11 19:44:34.864623,76,,8,1,LR-23-00076,1
77,230028,776,2023-12-11 19:44:54.898827,77,,8,1,LR-23-00077,1
79,230028,554,2023-12-11 20:21:51.265500,79,,8,1,LR-23-00079,1
80,230028,858,2023-12-11 20:24:57.318124,80,,8,1,LR-23-00080,1
81,230028,858,2023-12-11 20:35:01.200215,81,2023-12-11 20:49:19.869500,8,1,LR-23-00081,1
82,230480,2862,2023-12-18 10:43:33.318833,82,,12,1,LR-23-00082,1
83,230358,4399,2023-12-19 16:04:19.569951,83,2023-12-19 16:07:05.189193,8,1,LR-23-00083,1
84,230028,,2024-01-02 11:04:38.505796,1,2024-01-02 11:15:29.839225,8,1,LR-24-00001,1
85,230028,,2024-01-02 11:18:22.058901,2,,8,1,LR-24-00002,1
86,230028,,2024-01-02 11:18:53.045596,3,,8,1,LR-24-00003,1
87,230028,,2024-01-02 11:20:11.525814,4,2024-01-02 11:21:00.953268,8,1,LR-24-00004,1
88,230553,2495,2024-01-02 12:12:03.750631,5,2024-01-02 15:43:20.082165,11,1,LR-24-00005,1
89,230552,223,2024-01-03 12:59:09.219441,6,2024-01-03 13:21:23.952214,12,1,LR-24-00006,1
90,230573,2767,2024-01-03 13:32:19.766586,7,2024-01-03 13:48:43.905117,12,1,LR-24-00007,1
91,2993,230556,2024-01-03 13:50:41.711959,8,2024-01-03 13:57:47.635359,8,1,LR-24-00008,1
92,230028,853,2024-01-03 14:55:53.718746,9,2024-01-03 14:59:05.467577,8,1,LR-24-00009,1
93,230530,511,2024-01-04 18:40:11.818461,10,2024-01-04 18:53:28.566121,12,1,LR-24-00010,1
94,230570,2742,2024-01-04 11:50:59.503524,11,2024-01-04 11:51:28.753786,17,1,LR-24-00011,1
95,230418,808,2024-01-08 11:36:03.149700,12,2024-01-08 11:45:45.981942,11,1,LR-24-00012,1
96,230549,4903,2024-01-08 12:24:12.459588,13,2024-01-08 12:35:41.875675,12,1,LR-24-00013,1
97,230125,4285,2024-01-08 14:03:07.029101,14,,8,1,LR-24-00014,1
98,230125,4285,2024-01-08 14:04:59.282425,15,2024-01-08 14:08:13.083685,8,1,LR-24-00015,1
99,230373,4518,2024-01-10 12:45:47.075832,16,2024-01-10 13:29:34.263972,11,1,LR-24-00016,1
100,230374,4712,2024-01-10 13:49:24.010248,17,2024-01-10 14:05:22.519220,11,1,LR-24-00017,1
101,230399,579,2024-01-10 17:05:44.725769,18,2024-01-10 17:16:56.749146,11,1,LR-24-00018,1
102,230418,808,2024-01-11 15:49:25.780686,19,2024-01-11 16:34:48.551662,11,1,LR-24-00019,1
103,230497,4734,2024-01-18 12:01:13.926577,20,2024-01-18 12:10:30.176436,8,1,LR-24-00020,1
104,230497,4734,2024-01-18 12:22:28.316900,21,2024-01-18 12:23:52.501995,8,1,LR-24-00021,1
105,,578,2024-01-23 17:04:48.740778,22,2024-01-23 17:19:02.501729,8,1,LR-24-00022,1
106,240038,2421,2024-01-24 15:12:30.384928,23,2024-01-24 15:18:53.599080,8,1,LR-24-00023,1
107,240018,2830,2024-01-26 15:36:09.248764,24,2024-01-26 15:49:51.128169,12,1,LR-24-00024,1
108,240005,,2024-01-29 15:47:48.105959,25,,17,1,LR-24-00025,1
109,230472,2778,2024-01-29 16:18:21.870404,26,2024-01-29 17:05:34.480825,11,1,LR-24-00026,1
110,240069,2706,2024-02-06 15:07:19.867782,27,2024-02-06 15:17:46.590809,11,1,LR-24-00027,1
111,230494,2132,2024-02-16 12:35:08.941097,28,2024-02-16 13:28:58.141154,11,1,LR-24-00028,1
112,240091,378,2024-02-21 14:59:34.520514,29,2024-02-21 15:06:31.344540,11,1,LR-24-00029,1
113,240099,4115,2024-02-21 15:10:47.717788,30,2024-02-21 16:43:07.518676,11,1,LR-24-00030,1
114,230548,4084,2024-03-01 09:23:28.277047,31,2024-03-01 09:37:16.990426,11,1,LR-24-00031,1
115,240122,2718,2024-03-05 11:08:54.425843,32,2024-03-06 01:30:06.078692,12,1,LR-24-00032,1
116,240016,2491,2024-03-05 14:33:41.565696,33,2024-03-05 14:53:02.227953,8,1,LR-24-00033,1
117,240016,4356,2024-03-05 15:02:38.080713,34,2024-03-05 15:15:20.344831,8,1,LR-24-00034,1
118,240016,4356,2024-03-05 15:17:34.624324,35,2024-03-05 15:20:39.714184,8,1,LR-24-00035,1
119,240009,2495,2024-03-18 10:53:54.110782,36,2024-03-18 11:09:13.447293,11,1,LR-24-00036,1
120,,,2024-03-15 15:07:02.503318,37,2024-03-15 15:13:52.213510,8,1,LR-24-00037,1
121,,,2024-03-15 15:12:28.838194,38,2024-03-15 15:13:54.713534,8,1,LR-24-00038,1
122,240043,2251,2024-03-15 16:05:38.810711,39,2024-03-15 16:15:52.554689,8,1,LR-24-00039,1
123,240043,442,2024-03-27 11:48:23.771454,40,2024-03-27 13:15:21.868443,8,1,LR-24-00040,1
124,240043,2715,2024-03-27 16:26:35.742878,41,,8,1,LR-24-00041,1
125,230028,2715,2024-03-27 16:28:22.790111,42,2024-03-27 16:35:02.188569,8,1,LR-24-00042,1
126,230386,2289,2024-03-27 16:46:28.171021,43,2024-05-07 16:59:19.206044,8,1,LR-24-00043,1
127,230028,,2024-04-04 11:38:43.390468,44,2024-04-04 11:47:50.865958,8,1,LR-24-00044,1
128,240081,Temple,2024-04-01 13:56:54.253271,45,2024-05-07 17:01:44.212137,8,1,LR-24-00045,1
129,240070,4655,2024-04-04 11:00:04.006677,46,2024-04-04 11:45:28.432791,12,1,LR-24-00046,1
130,240099,4115,2024-04-04 14:54:26.142564,47,2024-04-04 15:11:33.213826,8,1,LR-24-00047,1
131,240085,2857,2024-04-08 11:07:24.375358,48,2024-05-22 15:50:33.943306,8,1,LR-24-00048,1
132,230299,341,2024-04-08 12:47:27.384638,49,2024-04-08 13:25:49.952101,11,1,LR-24-00049,1
133,240099,4115,2024-04-11 14:06:14.578545,50,2024-04-11 14:08:11.967209,8,1,LR-24-00050,1
134,,2856,2024-04-15 14:05:43.104454,51,2024-04-15 14:22:05.505658,12,1,LR-24-00051,1
135,,2862,2024-04-15 14:23:20.909122,52,2024-04-15 14:25:58.646299,12,1,LR-24-00052,1
136,240067,324,2024-04-15 14:28:44.816447,53,2024-04-15 14:38:40.956783,12,1,LR-24-00053,1
137,240043,969,2024-04-22 12:35:41.070139,54,2024-04-22 12:45:58.182081,8,1,LR-24-00054,1
138,240043,2411,2024-04-22 14:03:04.974392,55,2024-04-22 14:08:32.897437,8,1,LR-24-00055,1
139,240044,2086,2024-04-25 13:42:37.050357,56,,8,1,LR-24-00056,1
140,240044,2086,2024-04-25 13:42:37.878505,57,,8,1,LR-24-00057,1
141,240044,578,2024-04-25 13:47:42.617893,58,2024-04-25 13:51:47.048877,8,1,LR-24-00058,1
142,,4745,2024-04-26 17:18:57.795714,59,2024-04-26 17:43:15.964513,8,1,LR-24-00059,1
143,240104,608,2024-04-26 17:37:49.025464,60,2024-04-26 17:59:40.275901,12,1,LR-24-00060,1
144,240025,4556,2024-04-26 18:26:48.532080,61,,12,1,LR-24-00061,1
145,240025,4556,2024-04-26 18:27:37.105691,62,2024-04-26 18:32:02.736420,12,1,LR-24-00062,1
146,240101,2117,2024-04-26 18:40:51.699198,63,2024-04-26 18:46:16.322421,12,1,LR-24-00063,1
147,240010,2318,2024-04-26 19:08:50.840011,64,2024-04-26 19:14:58.668176,12,1,LR-24-00064,1
148,240043,291,2024-04-29 10:14:48.373161,65,2024-04-29 10:24:15.162836,8,1,LR-24-00065,1
149,230299,341,2024-04-29 12:00:05.337125,66,2024-04-29 12:02:49.408178,11,1,LR-24-00066,1
150,2024DRF,,2024-04-29 12:02:58.331311,67,2024-04-29 12:59:18.392122,8,1,LR-24-00067,1
151,240083,2937,2024-05-10 14:41:36.232931,68,2024-05-10 15:07:31.740204,11,1,LR-24-00068,1
152,240043,2781,2024-04-29 13:51:12.423305,69,2024-04-29 14:02:49.378266,8,1,LR-24-00069,1
153,240043,2293,2024-04-29 14:23:50.042039,70,2024-04-29 14:28:13.170110,8,1,LR-24-00070,1
154,240171,,2024-05-03 13:43:20.561637,71,2024-05-03 13:48:28.622121,8,1,LR-24-00071,1
155,180626,2655,2024-05-06 12:13:41.534064,72,2024-05-06 12:17:38.965591,11,1,LR-24-00072,1
156,200375,2456,2024-05-06 13:25:04.322629,73,2024-05-06 13:48:35.017795,11,1,LR-24-00073,1
157,240209,2551,2024-05-06 14:17:28.476260,74,2024-05-06 14:25:54.295098,12,1,LR-24-00074,1
158,230501,6174,2024-05-07 13:11:27.552562,75,2024-05-07 13:22:46.415908,3,1,LR-24-00075,1
159,240192,2295,2024-05-09 12:23:35.923873,76,2024-05-09 12:39:32.594406,11,1,LR-24-00076,1
160,240048,2784,2024-05-09 15:22:51.459270,77,2024-05-09 17:19:49.100301,11,1,LR-24-00077,1
161,240135,2241,2024-05-11 10:48:49.083229,78,2024-05-13 08:54:11.035999,8,1,LR-24-00078,1
162,240135,2241,2024-05-11 10:58:08.059071,79,2024-05-11 10:59:30.942143,8,1,LR-24-00079,1
163,240223,4929,2024-05-13 16:11:43.918935,80,2024-05-13 16:18:50.037066,8,1,LR-24-00080,1
164,240135,,2024-05-14 10:33:04.796839,81,,8,1,LR-24-00081,1
165,240135,,2024-05-14 10:50:54.063010,82,2024-05-14 10:56:33.775582,8,1,LR-24-00082,1
166,240043,2466,2024-05-14 12:09:31.049520,83,,8,1,LR-24-00083,1
167,240043,2466,2024-05-14 12:09:51.817620,84,2024-05-14 12:17:40.243668,8,1,LR-24-00084,1
168,240043,2395,2024-05-14 13:00:08.280326,85,2024-05-14 13:22:46.995644,8,1,LR-24-00085,1
169,240043,969,2024-05-14 14:54:15.623167,86,2024-05-14 14:55:51.014480,8,1,LR-24-00086,1
170,240043,,2024-05-14 15:54:03.824812,87,,8,1,LR-24-00087,1
171,240098,2694,2024-05-19 14:57:33.413014,88,2024-05-19 15:04:48.501357,8,1,LR-24-00088,1
172,240043,Bethpage 1.2 CO,2024-06-07 16:26:52.857890,89,2024-06-07 16:36:06.798543,8,1,LR-24-00089,1
173,240197,2132,2024-06-10 11:22:13.628519,90,2024-06-10 11:32:09.107978,11,1,LR-24-00090,1
174,240155,341,2024-06-10 14:37:31.332464,91,2024-06-10 15:01:24.027887,11,1,LR-24-00091,1
175,240043,2105,2024-06-11 12:53:04.176170,92,2024-06-11 13:07:02.104641,8,1,LR-24-00092,1
176,240228,2148,2024-07-31 11:16:53.103847,93,2024-07-31 11:18:14.501530,8,1,LR-24-00093,1
177,240102,,2024-06-11 17:23:16.764024,94,2024-06-11 17:32:27.629003,8,1,LR-24-00094,1
178,230518,2312,2024-06-17 17:05:53.482457,95,2024-06-21 14:21:26.869609,11,1,LR-24-00095,1
179,240019,206,2024-06-19 09:37:55.642024,96,2024-06-19 11:41:05.800066,12,1,LR-24-00096,1
180,240147,2440,2024-06-18 13:13:30.081833,97,2024-06-18 13:54:27.259806,12,1,LR-24-00097,1
181,,2855,2024-06-18 14:10:55.557803,98,2024-06-18 14:14:05.397769,12,1,LR-24-00098,1
182,240224,2149,2024-08-23 12:21:27.135672,99,2024-08-23 12:23:41.635721,8,1,LR-24-00099,1
183,240224,,2024-06-19 11:00:16.894012,100,2024-06-19 11:05:31.172569,8,1,LR-24-00100,1
184,230124,4285,2024-06-19 13:41:27.473771,101,2024-06-19 13:45:11.979933,8,1,LR-24-00101,1
185,230028,4914,2024-06-19 14:21:34.764397,102,,8,1,LR-24-00102,1
186,240145,2863,2024-06-19 14:34:13.033495,103,2024-06-19 14:41:13.669480,8,1,LR-24-00103,1
187,,4855,2024-06-20 15:43:25.348238,104,2024-06-20 16:40:36.627182,8,1,LR-24-00104,1
188,,4855,2024-06-20 16:41:13.089005,105,,8,1,LR-24-00105,1
189,,4855,2024-06-20 16:42:23.784658,106,,8,1,LR-24-00106,1
190,240081,,2024-06-21 16:39:37.004813,107,2024-06-21 16:42:55.119037,8,1,LR-24-00107,1
191,240259,2649,2024-06-24 14:04:59.694726,108,2024-06-24 14:24:30.958589,12,1,LR-24-00108,1
192,2024DRF,,2024-07-15 16:52:44.920728,109,2024-07-15 16:54:27.592696,8,1,LR-24-00109,1
193,240145,,2024-07-17 16:57:42.620493,110,2024-07-17 17:00:39.840898,8,1,LR-24-00110,1
194,240301,2602,2024-07-18 15:46:41.369520,111,,12,1,LR-24-00111,1
195,230350,2021,2024-07-29 10:32:43.984915,112,2024-07-29 11:32:57.972266,11,1,LR-24-00112,1
196,240043,,2024-07-29 10:41:22.783675,113,2024-07-29 10:53:08.441215,8,1,LR-24-00113,1
197,240296,2084,2024-07-29 11:59:37.267840,114,2024-07-29 12:18:27.531077,8,1,LR-24-00114,1
198,240119,4061,2024-07-29 13:27:33.315004,115,2024-07-29 13:33:03.310923,8,1,LR-24-00115,1
199,,4106,2024-07-30 15:51:37.864884,116,2024-07-30 15:56:50.460092,8,1,LR-24-00116,1
200,240074,4323,2024-08-05 10:20:45.877608,117,2024-08-05 10:36:40.859938,12,1,LR-24-00117,1
201,230354,4345,2024-08-05 10:35:29.506661,118,2024-08-05 10:45:57.403754,11,1,LR-24-00118,1
202,240227,2480,2024-08-05 12:15:53.623914,119,2024-08-05 12:31:05.127529,8,1,LR-24-00119,1
203,240301,2602,2024-08-05 12:59:37.325971,120,2024-08-05 14:22:57.738344,12,1,LR-24-00120,1
205,240218,4285,2024-08-07 11:47:13.811322,122,2024-08-07 11:53:01.857223,8,1,LR-24-00122,1
206,240185,4137,2024-08-12 11:01:43.957790,123,2024-08-12 11:32:15.123677,11,1,LR-24-00123,1
207,,2893,2024-08-19 11:44:26.695588,124,2024-08-19 12:20:22.496747,8,1,LR-24-00124,1
208,240060,,2024-08-20 11:52:48.836158,125,2024-08-20 11:58:20.286376,8,1,LR-24-00125,1
210,,4087,2024-09-04 13:58:32.279399,126,2024-09-04 14:14:33.074360,8,1,LR-24-00126,1
211,,4088,2024-09-04 16:42:42.092921,127,2024-09-06 12:58:09.597890,8,1,LR-24-00127,1
212,,4855,2024-09-05 09:20:50.660541,128,2024-09-05 09:24:45.388593,8,1,LR-24-00128,1
213,230571,2550,2024-09-06 11:33:59.242534,129,2024-09-06 12:07:25.350509,11,1,LR-24-00129,1
214,,4855,2024-09-06 14:18:46.295839,130,2024-09-06 14:19:50.778593,8,1,LR-24-00130,1
215,,4855,2024-09-06 14:20:30.360067,131,2024-09-06 14:22:26.069252,8,1,LR-24-00131,1
217,,4855,2024-09-06 14:28:04.587758,133,2024-09-09 10:14:00.134722,8,1,LR-24-00133,1
218,,4205,2024-09-09 11:12:43.526398,134,2024-09-09 11:25:58.589892,8,1,LR-24-00134,1
219,,4884,2024-09-09 12:36:37.635277,135,2024-09-09 12:48:01.558163,8,1,LR-24-00135,1
220,,4900,2024-09-09 12:52:31.097678,136,2024-09-09 12:56:05.502444,8,1,LR-24-00136,1
221,,6172,2024-09-09 15:30:24.568836,137,,7,1,LR-24-00137,2
222,230498,6210,2024-09-09 15:42:41.742130,138,,7,1,LR-24-00138,2
223,240398,6048,2024-09-09 15:47:55.335095,139,2024-09-09 15:57:31.427276,11,1,LR-24-00139,1
224,240187,2203,2024-09-13 13:42:30.290277,140,2024-09-13 14:20:52.031954,12,1,LR-24-00140,1
225,240187,2431,2024-09-13 14:24:08.297044,141,,12,1,LR-24-00141,1
226,240187,2431,2024-09-13 14:31:41.285836,142,2024-09-13 14:38:26.880467,12,1,LR-24-00142,1
227,,2181,2024-09-13 16:58:31.356309,143,2024-09-18 12:45:18.343653,5,1,LR-24-00143,1
228,240362,2757,2024-09-16 16:00:55.639446,144,2024-09-16 16:11:30.084572,12,1,LR-24-00144,1
229,240362,2757,2024-09-16 16:12:22.990625,145,2024-09-16 16:39:41.092231,12,1,LR-24-00145,1
230,240162,4400,2024-09-23 13:21:11.547999,146,2024-09-23 13:43:06.427200,11,1,LR-24-00146,1
231,220473,,2024-09-25 17:21:45.021633,147,2024-09-25 17:31:34.874985,8,1,LR-24-00147,1
232,240451,,2024-09-30 16:22:27.011707,148,2024-09-30 16:25:23.146218,8,1,LR-24-00148,1
233,,,2024-10-02 10:41:26.016097,149,,15,1,LR-24-00149,4
234,test,test,2024-10-02 12:20:24.808116,150,,24,1,LR-24-00150,4
235,240300,,2024-10-07 10:54:18.000000,151,2024-10-08 10:12:03.730813,8,1,LR-24-00151,1
236,230168,2986,2024-10-07 12:36:16.547144,152,2024-10-07 12:40:17.526246,8,1,LR-24-00152,1
237,230400,4842,2024-10-07 13:13:32.956373,153,2024-10-07 13:15:58.025169,8,1,LR-24-00153,1
238,,4842,2024-10-07 13:18:34.260292,154,2024-10-07 13:20:20.918146,8,1,LR-24-00154,1
239,,4219,2024-10-07 14:12:08.874870,155,2024-10-07 14:18:56.974813,8,1,LR-24-00155,1
240,240300,,2024-10-08 10:22:05.524269,156,2024-10-08 10:26:09.490656,8,1,LR-24-00156,1
241,,,2024-10-08 13:39:32.658607,157,2024-10-14 14:27:31.932161,8,1,LR-24-00157,1
242,2024DRF,,2024-10-09 13:35:25.109254,158,2024-10-09 13:45:13.057690,8,1,LR-24-00158,1
243,,4917,2024-10-09 16:58:24.020897,159,2024-10-10 13:26:20.157291,8,1,LR-24-00159,1
244,,2848,2024-10-09 17:05:39.502616,160,2024-10-09 17:28:14.625894,8,1,LR-24-00160,1
245,,4917,2024-10-14 08:45:51.384128,161,2024-10-14 08:54:55.985905,8,1,LR-24-00161,1
246,240387,2458,2024-10-14 12:48:26.075941,162,2024-10-14 12:54:23.705733,8,1,LR-24-00162,1
247,240306,,2024-10-14 16:47:17.660486,163,2024-10-14 16:54:28.076560,8,1,LR-24-00163,1
248,240453,2936,2024-10-14 18:35:08.296399,164,2024-10-14 18:40:56.514231,12,1,LR-24-00164,1
249,240452,2936,2024-10-14 18:42:58.871878,165,2024-10-14 18:44:30.469213,12,1,LR-24-00165,1
250,240306,,2024-10-15 15:21:55.752335,166,2024-10-15 15:22:25.940992,8,1,LR-24-00166,1
251,240245,4126,2024-10-17 12:06:38.576076,167,2024-10-17 13:08:41.145104,11,1,LR-24-00167,1
252,240402,2782,2024-10-17 16:01:36.218702,168,2024-10-17 16:07:10.766423,11,1,LR-24-00168,1
253,240043,2576,2024-10-18 16:59:32.471494,169,2024-10-18 17:06:50.954333,8,1,LR-24-00169,1
254,240478,2344,2024-10-18 17:17:22.566258,170,2024-10-18 17:24:28.285323,8,1,LR-24-00170,1
255,240450,4458,2024-10-18 17:42:17.274920,171,2024-10-18 17:46:50.240020,8,1,LR-24-00171,1
256,240499,4136,2024-10-18 21:19:55.725810,172,2024-10-18 21:27:59.058179,8,1,LR-24-00172,1
257,240369,4157,2024-10-18 21:33:33.920635,173,2024-10-18 21:41:47.182674,8,1,LR-24-00173,1
258,240495,2827,2024-10-21 10:00:20.000000,174,2024-10-22 17:30:26.383961,11,1,LR-24-00174,1
261,240348,6318,2024-10-23 09:41:25.965575,175,2024-10-23 09:56:18.865774,1,1,LR-24-00175,3
262,230395,234,2024-10-28 11:22:45.225404,176,2024-10-28 11:35:13.552330,8,1,LR-24-00176,1
263,240337,2557,2024-10-28 11:58:22.365414,177,2024-10-28 12:02:58.652100,8,1,LR-24-00177,1
264,240507,4878,2024-10-28 13:55:01.030014,178,2024-10-28 14:01:11.361486,8,1,LR-24-00178,1
265,240507,4157,2024-10-28 12:34:02.726057,179,2024-10-28 12:34:46.596540,8,1,LR-24-00179,1
266,,2855,2024-10-30 10:24:07.472978,180,2024-10-30 10:48:00.524212,12,1,LR-24-00180,1
267,2330488,2825,2024-10-30 11:46:34.151065,181,2024-10-30 12:30:23.499112,12,1,LR-24-00181,1
268,240209,907,2024-10-30 16:38:15.599356,182,2024-10-30 17:09:19.239318,12,1,LR-24-00182,1
269,240424,220,2024-10-31 12:45:48.814480,183,2024-10-31 15:26:48.456198,8,1,LR-24-00183,1
270,240198,,2024-10-31 13:05:16.995800,184,2024-10-31 13:16:03.417750,29,1,LR-24-00184,6
271,240424,220,2024-10-31 15:29:30.848048,185,2024-10-31 15:34:54.030591,8,1,LR-24-00185,1
272,240424,220,2024-10-31 16:01:20.672773,186,2024-10-31 16:03:20.578497,8,1,LR-24-00186,1
273,240155,341,2024-11-04 10:38:35.105018,187,2024-11-04 10:48:32.786671,11,1,LR-24-00187,1
274,240381,6335,2024-11-04 12:34:28.551947,188,2024-11-04 12:49:08.285865,1,1,LR-24-00188,3
275,240464,4336,2024-11-04 16:45:17.949401,189,2024-11-04 16:52:37.839676,11,1,LR-24-00189,1
276,240435,4941,2024-11-05 09:29:23.263133,190,2024-11-05 10:23:41.127675,11,1,LR-24-00190,1
277,210445-1,2907,2024-11-11 13:24:37.446312,191,2024-11-11 13:38:32.051040,11,1,LR-24-00191,1
279,230080,,2024-11-12 12:09:03.729288,193,2024-11-12 12:50:27.882922,8,1,LR-24-00193,1
280,230080,,2024-11-12 12:26:05.041314,194,2024-11-12 12:41:33.729670,8,1,LR-24-00194,1
281,240501,,2024-11-12 15:32:23.542471,195,2024-11-12 15:45:31.213151,17,1,LR-24-00195,1
282,240214,,2024-11-13 09:36:37.975635,196,2024-11-13 09:47:49.223774,8,1,LR-24-00196,1
283,240421,MM Prequal,2024-11-13 11:49:57.000000,197,2024-12-11 11:28:19.710072,1,1,LR-24-00197,3
284,240479,,2024-11-13 14:32:24.763402,198,2024-11-13 16:33:37.557867,8,1,LR-24-00198,1
285,240043,537,2024-11-15 12:44:08.512623,199,2024-11-15 12:52:44.808399,8,1,LR-24-00199,1
286,240429,4666,2024-11-15 13:04:57.104110,200,2024-11-15 13:10:51.259916,8,1,LR-24-00200,1
287,240298,,2024-11-15 15:36:35.389857,201,2024-11-15 16:03:24.371610,29,1,LR-24-00201,6
288,240562,,2024-11-18 10:23:14.814266,202,,34,1,LR-24-00202,1
289,240329,,2024-11-21 14:04:52.186286,203,2024-11-21 14:18:22.393093,28,1,LR-24-00203,1
290,240329,,2024-11-21 14:19:00.203148,204,2024-11-21 14:22:32.620052,28,1,LR-24-00204,1
291,240379,,2024-11-21 16:49:39.011551,205,2024-11-21 16:54:51.803649,8,1,LR-24-00205,1
292,240379,,2024-11-21 16:55:24.514448,206,2024-11-21 16:56:54.225969,8,1,LR-24-00206,1
293,240434,805,2024-11-21 17:38:00.876577,207,2024-11-21 17:46:05.185888,12,1,LR-24-00207,1
294,240043,2819,2024-11-21 18:02:01.482855,208,2024-11-21 18:21:04.715886,12,1,LR-24-00208,1
295,240043,4049,2024-11-21 19:09:58.412850,209,2024-11-21 19:15:40.707381,8,1,LR-24-00209,1
296,240043,2514,2024-12-04 08:40:35.557910,210,2024-12-04 08:41:53.566575,8,1,LR-24-00210,1
297,2024DRF,,2024-11-21 21:31:54.665406,211,2024-11-21 21:49:52.901924,8,1,LR-24-00211,1
298,,4842,2024-11-22 09:15:59.788379,212,2024-11-22 09:17:22.362533,8,1,LR-24-00212,1
299,240544,,2024-11-22 12:37:24.726677,213,2024-11-22 12:49:44.884325,29,1,LR-24-00213,3
300,240508,,2024-11-22 12:50:54.059560,214,2024-11-22 12:59:40.018806,29,1,LR-24-00214,3
301,240043,,2024-11-22 13:35:11.420654,215,2024-11-22 13:43:34.859219,12,1,LR-24-00215,1
302,240406,4518,2024-11-26 09:41:49.236131,216,2024-11-26 09:46:20.606293,11,1,LR-24-00216,1
303,240407,4712,2024-11-26 09:51:18.528392,217,2024-11-26 09:57:47.444419,11,1,LR-24-00217,1
304,240408,4794,2024-11-26 10:17:47.730597,218,2024-11-26 10:28:08.852523,11,1,LR-24-00218,1
305,200214,,2024-12-02 09:55:30.809862,219,,28,1,LR-24-00219,1
306,240534,,2024-12-02 09:59:54.570363,220,2024-12-02 10:20:50.029026,28,1,LR-24-00220,1
307,2024DRF,,2024-12-03 09:05:43.131662,221,2024-12-03 09:28:33.485513,27,1,LR-24-00221,1
308,240350,MHI-11,2024-12-05 17:31:52.199472,222,2024-12-05 17:36:41.398672,8,1,LR-24-00222,1
309,240043,2632,2024-12-06 10:00:24.676466,223,2025-01-15 13:32:46.996711,12,1,LR-24-00223,1
310,240287,2618,2024-12-06 14:04:46.764907,224,2024-12-06 17:11:27.329416,11,1,LR-24-00224,1
311,240409,4995,2024-12-09 06:50:41.617194,225,2024-12-09 10:42:01.804521,11,1,LR-24-00225,1
312,240249,,2024-12-09 09:06:08.236860,226,2024-12-09 10:03:12.500504,27,1,LR-24-00226,1
313,2024DRF,,2024-12-09 10:34:31.438822,227,2024-12-09 11:13:53.336655,27,1,LR-24-00227,1
314,240461,,2024-12-09 14:33:27.495670,228,2024-12-09 15:17:49.529967,29,1,LR-24-00228,6
315,240454,,2024-12-09 15:32:20.021359,229,2024-12-09 15:38:04.892640,29,1,LR-24-00229,6
316,240043,2693,2024-12-11 10:07:54.887796,230,2024-12-11 10:22:00.962866,12,1,LR-24-00230,1
317,240298,,2024-12-13 10:23:26.282231,231,2024-12-13 10:33:42.730380,29,1,LR-24-00231,6
318,240316,,2024-12-13 10:33:58.367687,232,,29,1,LR-24-00232,6
319,240394,,2024-12-13 10:39:38.031579,233,2024-12-13 11:03:09.394862,29,1,LR-24-00233,6
320,TBD,,2024-12-13 14:55:42.119042,234,2024-12-13 15:12:57.245373,8,1,LR-24-00234,1
321,240043,4219,2024-12-13 15:38:21.922332,235,2024-12-13 15:41:02.579499,8,1,LR-24-00235,1
322,240477,,2024-12-14 17:26:21.348010,236,2024-12-14 17:36:30.878642,8,1,LR-24-00236,1
323,240119,4061,2024-12-15 14:24:54.313968,237,2024-12-15 14:30:23.283752,8,1,LR-24-00237,1
324,,6255,2024-12-15 14:57:28.033105,238,2024-12-15 15:02:28.741237,8,1,LR-24-00238,1
325,240393-1,,2024-12-15 16:03:20.670582,239,2024-12-15 16:07:50.316767,8,1,LR-24-00239,1
326,230350,2121,2024-12-16 12:10:23.569201,240,2024-12-16 12:17:49.060901,11,1,LR-24-00240,1
327,180626,2655,2024-12-16 12:55:16.191446,241,2024-12-16 13:01:31.651152,11,1,LR-24-00241,1
328,240284,4114,2024-12-16 13:25:21.768634,242,2024-12-16 13:30:59.350536,11,1,LR-24-00242,1
329,240588,4517,2024-12-16 14:15:42.915195,243,2024-12-16 14:18:22.682726,11,1,LR-24-00243,1
330,4258,180694,2025-01-02 12:26:02.634534,1,2025-01-02 12:32:45.411296,8,1,LR-25-00001,1
331,677,230298,2025-01-02 12:51:45.283253,2,2025-01-02 13:02:32.089014,8,1,LR-25-00002,1
332,240043,,2025-01-02 16:16:03.129800,3,2025-01-02 16:32:06.919264,8,1,LR-25-00003,1
333,240600,,2025-01-03 13:45:54.961451,4,2025-01-03 13:56:46.892989,27,1,LR-25-00004,1
334,210445,2907,2025-01-03 14:14:51.596127,5,2025-01-03 15:04:35.661316,11,1,LR-25-00005,1
335,230314,,2025-01-06 11:08:35.169076,6,2025-01-06 11:28:34.904129,28,1,LR-25-00006,1
336,MM Prequal,6402,2025-01-29 09:58:19.005315,7,2025-01-06 12:49:29.000000,1,1,LR-25-00007,3
337,,240549,2025-01-06 13:42:50.260560,8,,8,1,LR-25-00008,1
338,240549,,2025-01-06 13:47:34.233033,9,2025-01-06 13:50:50.481682,8,1,LR-25-00009,1
339,210022-1,2372,2025-01-06 14:09:15.593687,10,2025-01-06 14:17:49.798306,11,1,LR-25-00010,1
340,240043,502,2025-01-07 16:54:32.859475,11,2025-01-07 17:04:08.412537,11,1,LR-25-00011,1
341,240518,,2025-01-09 13:12:27.162477,12,2025-01-09 13:41:38.628081,34,1,LR-25-00012,1
342,240482,,2025-01-10 12:00:42.109453,13,2025-01-10 12:10:41.347627,34,1,LR-25-00013,1
343,210445-1,2907,2025-01-13 10:23:49.884764,14,2025-01-13 10:38:00.276634,11,1,LR-25-00014,1
344,TBD,,2025-01-13 11:26:09.639615,15,,8,1,LR-25-00015,1
345,240300,,2025-01-14 14:57:10.093681,16,2025-01-14 15:16:44.746973,29,1,LR-25-00016,6
346,240039,6214,2025-01-13 14:19:11.548691,17,2025-01-13 14:25:29.701884,6,1,LR-25-00017,2
347,240330,6307,2025-01-13 14:43:46.341191,18,2025-01-13 14:55:02.078396,6,1,LR-25-00018,2
348,240368,6326,2025-01-13 15:12:14.199900,19,2025-01-13 15:18:12.098064,6,1,LR-25-00019,2
349,240366,6325,2025-01-13 15:22:38.065782,20,2025-01-13 15:27:50.370924,6,1,LR-25-00020,2
350,230477,6168,2025-01-13 15:39:06.421847,21,2025-01-13 15:47:19.071142,6,1,LR-25-00021,2
351,200189,4506,2025-01-14 09:29:18.276629,22,2025-01-14 09:40:48.692325,6,1,LR-25-00022,2
352,240400,6341,2025-01-14 09:43:03.869385,23,2025-01-14 09:48:35.851433,6,1,LR-25-00023,2
353,240239,6267,2025-01-14 09:50:45.896018,24,2025-01-14 09:56:11.712989,6,1,LR-25-00024,2
354,240396,6338,2025-01-14 11:21:13.234459,25,2025-01-14 11:23:46.006363,6,1,LR-25-00025,2
355,230170,6077,2025-01-14 11:25:02.385762,26,2025-01-14 11:27:30.296605,6,1,LR-25-00026,2
356,230475,6165,2025-01-14 11:29:59.542980,27,2025-01-14 11:31:52.981987,6,1,LR-25-00027,2
357,230542,6186,2025-01-14 11:53:57.378277,28,2025-01-14 11:56:07.223127,6,1,LR-25-00028,2
358,240004,6203,2025-01-14 13:31:38.335319,29,2025-01-14 13:35:43.598154,6,1,LR-25-00029,2
359,240106,6227,2025-01-14 14:57:27.048400,30,2025-01-14 14:59:59.006313,6,1,LR-25-00030,2
360,240114,6232,2025-01-14 15:08:08.059734,31,2025-01-14 15:11:18.864626,6,1,LR-25-00031,2
361,240307,6294,2025-01-14 15:12:32.612768,32,2025-01-14 15:14:21.217254,6,1,LR-25-00032,2
362,240545,,2025-01-14 15:18:45.591295,33,2025-01-14 15:51:35.939715,29,1,LR-25-00033,6
363,240145,,2025-01-14 15:27:27.863839,34,2025-01-14 15:33:22.063962,8,1,LR-25-00034,1
364,240454,,2025-01-14 15:52:04.464148,35,2025-01-14 16:01:35.305221,29,1,LR-25-00035,6
365,240261,6298,2025-01-14 16:02:33.972438,36,2025-01-14 16:05:26.140561,6,1,LR-25-00036,2
366,MT Prequal,6372,2025-01-14 16:08:32.634010,37,2025-01-14 16:37:45.336676,1,1,LR-25-00037,3
367,240319,6303,2025-01-14 16:08:44.608029,38,2025-01-14 16:10:49.381850,6,1,LR-25-00038,2
368,240399,6340,2025-01-14 16:17:41.909004,39,2025-01-14 16:19:40.622419,6,1,LR-25-00039,2
369,240212,6255,2025-01-14 16:22:19.716039,40,2025-01-14 16:25:09.058435,6,1,LR-25-00040,2
370,240374,6331,2025-01-14 16:27:12.404369,41,2025-01-14 16:29:04.988744,6,1,LR-25-00041,2
371,240336,6312,2025-01-14 16:31:08.802289,42,2025-01-14 16:33:02.860559,6,1,LR-25-00042,2
372,240043,,2025-01-14 19:57:29.210999,43,2025-01-14 20:04:09.405984,8,1,LR-25-00043,1
373,240043,NonCM,2025-01-14 21:12:40.157962,44,2025-01-14 21:15:49.410602,8,1,LR-25-00044,1
374,240051,6242,2025-01-15 09:40:33.861908,45,2025-01-15 09:43:54.612901,6,1,LR-25-00045,2
375,240050,6210,2025-01-15 09:46:43.921108,46,2025-01-15 09:49:07.686424,6,1,LR-25-00046,2
376,240354,6337,2025-01-15 09:51:42.233481,47,2025-01-15 09:53:36.529989,6,1,LR-25-00047,2
377,240401,6339,2025-01-15 11:04:10.484120,48,2025-01-15 11:15:15.390373,6,1,LR-25-00048,2
378,240150,6243,2025-01-15 11:17:39.323885,49,2025-01-15 11:19:37.254193,6,1,LR-25-00049,2
379,240233,6265,2025-01-15 11:21:11.335062,50,2025-01-15 11:22:55.763670,6,1,LR-25-00050,2
380,240234,6266,2025-01-15 11:25:44.055499,51,2025-01-15 11:27:16.737015,6,1,LR-25-00051,2
381,240377,6333,2025-01-15 11:28:51.879324,52,2025-01-15 11:30:29.014811,6,1,LR-25-00052,2
382,240415,6345,2025-01-15 11:31:47.195967,53,2025-01-15 11:34:40.979325,6,1,LR-25-00053,2
383,240428,6347,2025-01-15 11:36:13.058094,54,2025-01-15 11:37:43.449641,6,1,LR-25-00054,2
384,240462,6354,2025-01-15 11:39:08.944082,55,2025-01-15 11:47:16.277089,6,1,LR-25-00055,2
385,240460,6358,2025-01-15 11:48:11.986492,56,2025-01-15 11:50:13.145955,6,1,LR-25-00056,2
386,240473,6355,2025-01-15 11:51:32.641001,57,2025-01-15 11:53:21.219792,6,1,LR-25-00057,2
387,240565,6379,2025-01-15 11:54:33.338030,58,2025-01-15 11:55:57.562369,6,1,LR-25-00058,2
388,240554,6373,2025-01-15 11:56:47.317201,59,2025-01-15 11:58:17.653785,6,1,LR-25-00059,2
389,240247,2680,2025-01-15 16:33:51.105200,60,2025-01-15 16:40:58.552960,8,1,LR-25-00060,1
390,TBD,NonCM,2025-01-16 12:10:42.688007,61,2025-01-16 13:28:34.571071,8,1,LR-25-00061,1
391,250005,4387,2025-02-05 12:07:02.868269,62,2025-02-05 12:12:48.211880,8,1,LR-25-00062,1
392,240420,576,2025-01-16 16:06:17.368169,63,2025-01-16 16:11:10.447753,8,1,LR-25-00063,1
393,240531,,2025-01-17 16:32:29.838429,64,2025-01-17 16:39:49.614013,29,1,LR-25-00064,6
394,240300,,2025-01-17 16:47:14.872054,65,2025-01-17 16:50:21.846041,29,1,LR-25-00065,6
395,,2855,2025-01-21 12:01:08.617694,66,2025-01-21 12:02:21.591314,12,1,LR-25-00066,1
396,240481,6356,2025-01-21 12:45:30.261097,67,2025-01-21 12:50:56.947888,6,1,LR-25-00067,2
397,240525,6376,2025-01-21 13:06:41.332903,68,2025-01-21 13:06:57.149396,6,1,LR-25-00068,2
398,240348,6317,2025-01-21 14:06:33.471075,69,2025-01-21 14:12:07.657556,6,1,LR-25-00069,2
399,240373,6330,2025-01-21 14:17:50.851881,70,2025-01-21 14:20:01.607750,6,1,LR-25-00070,2
400,240569,6382,2025-01-21 14:29:25.974583,71,2025-01-21 14:31:44.530815,6,1,LR-25-00071,2
401,240381,6335,2025-01-21 14:38:15.533969,72,2025-01-21 14:40:44.336488,6,1,LR-25-00072,2
402,230460,6160,2025-01-21 14:41:57.626238,73,2025-01-21 14:43:42.825834,6,1,LR-25-00073,2
403,230169,6070,2025-01-21 14:44:49.142059,74,2025-01-21 14:48:08.704099,6,1,LR-25-00074,2
404,240105,6226,2025-01-21 14:49:25.932519,75,2025-01-21 14:53:15.981772,6,1,LR-25-00075,2
405,240559,6375,2025-01-21 15:32:46.588985,76,2025-01-22 09:49:31.861156,6,1,LR-25-00076,2
406,240421,6349,2025-01-22 09:51:12.585497,77,2025-01-22 09:56:19.468925,6,1,LR-25-00077,2
407,240421,6351,2025-01-22 09:57:38.914074,78,2025-01-22 10:01:23.562697,6,1,LR-25-00078,2
408,240515,6363,2025-01-22 10:23:12.144612,79,2025-01-22 10:25:16.846500,6,1,LR-25-00079,2
409,240570,6383,2025-01-22 10:26:39.132926,80,2025-01-22 10:28:38.975375,6,1,LR-25-00080,2
410,240490,6366,2025-01-22 10:29:44.607874,81,2025-01-22 10:32:08.562877,6,1,LR-25-00081,2
411,240533,6367,2025-01-22 12:19:40.997779,82,2025-01-22 12:21:11.671989,6,1,LR-25-00082,2
412,240593,6392,2025-01-22 12:22:21.354774,83,2025-01-22 12:23:54.836506,6,1,LR-25-00083,2
413,240302,6292,2025-01-22 12:24:43.733467,84,2025-01-22 12:26:30.081145,6,1,LR-25-00084,2
414,240494,6360,2025-01-22 12:27:30.669222,85,2025-01-22 12:29:19.431936,6,1,LR-25-00085,2
415,240413,6344,2025-01-22 12:31:00.740379,86,2025-01-22 12:33:09.367631,6,1,LR-25-00086,2
416,240418,6346,2025-01-22 12:34:02.875942,87,2025-01-22 12:36:45.318549,6,1,LR-25-00087,2
417,230012,5708,2025-01-22 15:43:41.710867,88,2025-01-22 15:49:27.710596,6,1,LR-25-00088,2
418,230593,5747,2025-01-22 15:56:41.335983,89,2025-01-22 16:02:32.357065,6,1,LR-25-00089,2
419,240297,5764,2025-01-22 16:08:20.536295,90,2025-01-22 16:11:14.839749,6,1,LR-25-00090,2
420,240316,5767,2025-01-22 16:27:54.625544,91,2025-01-22 16:30:00.965807,6,1,LR-25-00091,2
421,240251,5769,2025-01-22 16:33:01.359278,92,2025-01-22 16:35:25.341256,6,1,LR-25-00092,2
422,240391,5770,2025-01-22 16:36:32.215248,93,2025-01-22 16:39:04.860824,6,1,LR-25-00093,2
423,240300,5779,2025-01-23 09:50:40.339182,94,2025-01-23 09:53:27.998521,6,1,LR-25-00094,2
424,240470,5774,2025-01-23 09:57:22.571883,95,2025-01-23 10:00:21.064678,6,1,LR-25-00095,2
425,240579,5781,2025-01-23 10:02:39.739393,96,2025-01-23 10:06:47.650709,6,1,LR-25-00096,2
426,240539,5777,2025-01-23 10:17:20.725130,97,2025-01-23 10:19:13.885606,6,1,LR-25-00097,2
427,240541,5778,2025-01-23 10:20:28.922100,98,2025-01-23 10:21:58.021773,6,1,LR-25-00098,2
428,240556,6374,2025-01-23 10:24:01.047639,99,2025-01-23 10:26:46.968680,6,1,LR-25-00099,2
429,240573,6385,2025-01-23 10:34:25.658423,100,2025-01-23 10:37:06.872719,6,1,LR-25-00100,2
430,240422,5772,2025-01-23 10:39:28.855235,101,2025-01-23 10:42:14.678202,6,1,LR-25-00101,2
431,240422,5771,2025-01-23 10:43:48.545605,102,2025-01-23 10:45:55.400975,6,1,LR-25-00102,2
432,240511,5775,2025-01-23 10:47:09.346322,103,2025-01-23 10:48:38.320191,6,1,LR-25-00103,2
433,220232-1,2571,2025-01-23 15:09:52.280115,104,2025-01-23 15:24:33.005636,11,1,LR-25-00104,1
434,240592,2611,2025-01-23 16:53:05.524935,105,2025-01-23 16:58:12.542929,8,1,LR-25-00105,1
435,,2112,2025-01-29 15:04:53.421004,106,2025-01-29 15:29:01.857973,8,1,LR-25-00106,1
436,240409,4995,2025-01-30 10:02:43.184021,107,2025-01-30 10:10:35.099051,11,1,LR-25-00107,1
437,240409,4995,2025-01-30 16:12:10.523233,108,2025-01-30 16:15:34.409333,11,1,LR-25-00108,1
438,240589,4495,2025-01-30 17:17:15.289652,109,2025-01-30 17:19:54.889470,8,1,LR-25-00109,1
439,240549,4495,2025-01-30 17:23:51.321700,110,2025-01-30 17:30:43.070730,8,1,LR-25-00110,1
440,240297,5764,2025-01-31 14:39:10.224467,111,2025-01-31 14:40:06.462353,6,1,LR-25-00111,2
441,250047,,2025-02-05 10:03:26.911818,112,2025-02-05 11:14:19.915477,34,1,LR-25-00112,1
442,240148-1,,2025-02-05 11:33:11.894793,113,2025-02-05 11:57:51.490064,29,1,LR-25-00113,6
443,240148-1,,2025-02-05 11:58:12.989701,114,2025-02-05 12:00:04.773832,29,1,LR-25-00114,6
444,,4387,2025-02-05 12:13:35.781641,115,2025-02-05 12:14:04.840187,8,1,LR-25-00115,1
445,240409,4995,2025-02-05 15:05:24.987606,116,2025-02-05 15:08:19.519106,11,1,LR-25-00116,1
446,240267,6276,2025-02-07 13:14:54.523964,117,2025-02-07 13:19:39.110581,8,1,LR-25-00117,1
447,240508,,2025-02-07 18:37:09.603031,118,2025-02-07 19:23:16.005976,29,1,LR-25-00118,6
448,240394,,2025-02-07 15:06:21.824550,119,2025-02-07 15:26:16.751151,29,1,LR-25-00119,6
449,240508,,2025-02-07 19:24:30.960386,120,2025-02-07 19:40:40.264895,29,1,LR-25-00120,6
450,230350,2121,2025-02-11 15:51:44.943175,121,2025-02-11 16:18:42.299979,11,1,LR-25-00121,1
451,240545,,2025-02-13 19:31:12.497592,122,2025-02-13 19:35:57.573674,29,1,LR-25-00122,6
452,240316,,2025-02-13 19:36:42.551270,123,2025-02-13 20:13:29.587238,29,1,LR-25-00123,6
453,240539,,2025-02-13 20:17:13.183378,124,2025-02-13 20:30:37.154354,29,1,LR-25-00124,6
454,240578,6390,2025-02-14 11:09:43.269895,125,2025-02-14 11:14:20.185959,6,1,LR-25-00125,2
455,250067,,2025-02-17 11:41:17.984870,126,2025-02-17 13:06:56.959114,8,1,LR-25-00126,1
456,,,2025-02-21 16:14:55.830233,127,2025-02-24 11:01:38.400813,11,1,LR-25-00127,1
457,240541,,2025-02-24 10:43:45.043651,128,2025-02-24 10:47:18.405943,29,1,LR-25-00128,6
458,240394,,2025-02-24 10:47:35.989066,129,2025-02-24 10:50:20.312098,29,1,LR-25-00129,6
459,250079,2784,2025-02-25 14:36:44.146758,130,2025-02-25 15:21:38.842463,11,1,LR-25-00130,1
460,250079,2763,2025-02-25 15:53:03.029347,131,2025-02-25 16:28:06.536214,11,1,LR-25-00131,1
461,240564,6380,2025-02-26 14:41:26.123149,132,2025-02-26 14:47:08.078387,6,1,LR-25-00132,2
462,240547,6369,2025-02-26 14:48:36.546844,133,2025-02-26 14:53:40.519245,6,1,LR-25-00133,2
463,240606,6401,2025-02-26 15:01:05.784970,134,2025-02-26 15:07:45.999603,6,1,LR-25-00134,2
464,240604,6400,2025-02-26 16:13:52.236685,135,2025-02-26 16:16:43.461850,6,1,LR-25-00135,2
465,250029,6417,2025-02-26 16:19:47.847415,136,2025-02-26 16:22:41.350989,6,1,LR-25-00136,2
466,250035,6419,2025-02-26 16:26:39.812608,137,2025-02-26 16:29:39.955898,6,1,LR-25-00137,2
467,240281,6282,2025-02-26 16:32:40.550979,138,2025-02-26 16:35:19.169821,6,1,LR-25-00138,2
468,240459,6371,2025-02-27 09:35:20.531918,139,2025-02-27 09:38:35.403255,6,1,LR-25-00139,2
469,250041,5787,2025-02-27 12:08:11.068215,140,2025-02-27 12:09:55.585885,6,1,LR-25-00140,2
470,240601,6399,2025-02-27 12:12:49.592610,141,2025-02-27 12:24:49.205505,6,1,LR-25-00141,2
471,240597,6397,2025-02-27 12:45:45.062750,142,2025-02-27 12:48:36.242198,6,1,LR-25-00142,2
472,240567,6384,2025-02-27 12:50:55.092973,143,2025-02-27 12:53:39.805690,6,1,LR-25-00143,2
473,240598,6398,2025-02-27 12:55:14.980599,144,2025-02-27 12:56:43.980240,6,1,LR-25-00144,2
474,240594,6393,2025-02-27 13:08:03.945518,145,2025-02-27 13:10:40.405481,6,1,LR-25-00145,2
475,240378,6334,2025-02-27 13:15:16.746768,146,2025-02-27 13:17:22.463677,6,1,LR-25-00146,2
476,250004,5785,2025-02-27 15:39:03.416913,147,2025-02-27 15:41:58.699174,6,1,LR-25-00147,2
477,250004,5786,2025-02-28 12:27:29.268166,148,2025-02-28 12:30:26.366420,6,1,LR-25-00148,2
478,210445-1,2907,2025-02-28 12:32:57.717412,149,2025-02-28 12:37:21.822830,11,1,LR-25-00149,1
479,240535,6368,2025-02-28 12:33:39.633355,150,2025-02-28 12:36:22.675617,6,1,LR-25-00150,2
480,250003,6412,2025-02-28 12:38:03.051440,151,2025-02-28 12:39:47.114457,6,1,LR-25-00151,2
481,240571,5780,2025-02-28 13:14:23.539892,152,2025-02-28 13:17:00.796930,6,1,LR-25-00152,2
482,230593,5747,2025-02-28 13:43:43.590343,153,2025-02-28 13:47:48.781858,6,1,LR-25-00153,2
483,240445,5773,2025-02-28 14:27:53.278527,154,2025-02-28 14:30:21.390388,6,1,LR-25-00154,2
484,240587,5782,2025-02-28 14:34:57.398505,155,2025-02-28 14:37:26.264301,6,1,LR-25-00155,2
485,230542,6186,2025-02-28 14:45:24.872649,156,2025-02-28 14:46:21.437804,6,1,LR-25-00156,2
486,240540,,2025-03-03 09:51:24.103142,157,2025-03-03 10:01:48.818841,29,1,LR-25-00157,6
487,240540,,2025-03-03 10:02:36.097967,158,2025-03-03 10:05:08.093236,29,1,LR-25-00158,6
488,250049,4909,2025-03-03 12:44:34.452827,159,2025-03-03 12:52:31.130586,8,1,LR-25-00159,1
489,240466,2752,2025-03-05 18:16:45.348938,160,2025-03-05 18:30:50.825693,12,1,LR-25-00160,1
