id,flow_rate_nm3_per_hr,inlet_temperature,dry_O2,load_id,test_condition_id,reactor_id,reactor_type_id,stabilization_time,start_time,stop_time,water,test_order
1,,,,2,1,1.0,2,,2023-10-09 14:39:12.000,2023-10-09 14:39:14.000000,,7.0
2,,,,2,2,1.0,2,,2023-10-09 14:38:09.000,2023-10-09 14:38:11.000000,,6.0
3,,,,3,3,1.0,2,,2023-10-09 14:45:41.000,2023-10-09 14:45:43.000000,,10.0
4,,,,5,3,1.0,2,,2024-01-05 12:46:15.180,2024-01-05 12:46:15.180000,,26.0
5,,,,6,3,1.0,2,,2023-10-09 14:45:19.000,2023-10-09 14:45:21.000000,,12.0
6,,,,7,3,1.0,2,,2023-10-09 14:45:08.000,2023-10-09 14:45:10.000000,,16.0
7,,,,8,4,2.0,2,,,,,9.0
8,,,,9,4,2.0,2,,,,,12.0
9,,,,10,4,2.0,2,,,,,8.0
10,,,,11,4,2.0,2,,,,,13.0
11,,,,12,4,2.0,2,,,,,15.0
12,,,,13,5,2.0,2,,,,,10.0
13,,,,14,5,2.0,2,,,,,11.0
14,,,,15,5,2.0,2,,,,,14.0
15,,,,16,6,1.0,2,,2023-10-09 14:44:11.000,2023-10-09 14:44:13.000000,,8.0
16,,,,17,7,1.0,2,,2023-10-09 14:46:43.000,2023-10-09 14:46:45.000000,,14.0
17,,,,18,8,1.0,2,,2023-10-09 14:43:47.000,2023-10-09 14:43:49.000000,,7.0
18,,,,19,9,1.0,2,,2023-10-09 14:47:43.000,2023-10-09 14:47:44.000000,,7.0
19,,,,20,10,1.0,2,,2024-01-05 12:46:15.180,2024-01-05 12:46:15.180000,,25.0
20,,,,24,11,2.0,2,,,,,1.0
21,,,,23,12,2.0,2,,,,,2.0
22,,,,21,13,2.0,2,,,,,5.0
23,,,,22,14,2.0,2,,,,,6.0
24,,,,25,15,1.0,2,,2023-10-09 14:42:18.000,2023-10-09 14:42:20.000000,,5.0
25,,,,26,16,1.0,2,,2024-01-05 12:46:15.180,2024-01-05 12:46:15.180000,,23.0
26,,,,28,16,2.0,2,,,,,16.0
27,,,,29,16,1.0,2,,2024-01-05 12:46:15.180,2024-01-05 12:46:15.180000,,24.0
28,,,,30,16,2.0,2,,,,,7.0
29,,,,31,18,1.0,2,,2023-10-09 14:46:30.000,2023-10-09 14:46:33.000000,,13.0
30,,,,33,19,1.0,2,,2024-01-05 12:46:15.180,2024-01-05 12:46:15.180000,,7.0
31,142.48590604026847,392.83,3.025833333333333,34,20,4.0,2,,,2024-10-02 09:45:18.189695,17.512799143581375,2.0
32,,,,35,21,1.0,2,,2023-10-09 14:40:17.000,2023-10-09 14:40:20.000000,,10.0
33,,,,36,19,1.0,2,,2023-10-09 14:38:29.000,2023-10-09 14:38:31.000000,,11.0
34,,,,37,22,1.0,2,,2023-10-09 14:37:12.000,2023-10-09 14:37:14.000000,,12.0
35,,,,38,22,1.0,2,,2023-10-09 14:36:41.000,2023-10-09 14:36:43.000000,,13.0
36,,,,39,23,1.0,2,,2023-10-09 14:45:53.000,2023-10-09 14:45:55.000000,,9.0
37,,,,40,24,1.0,2,,2023-10-09 14:34:16.000,2023-10-09 14:34:27.000000,,5.0
38,,,,41,25,1.0,2,,2023-10-09 14:48:45.000,2023-10-09 14:48:47.000000,,8.0
39,,,,42,26,1.0,2,,,2023-12-05 13:56:17.000000,,49.0
40,,,,43,26,1.0,2,,,2023-12-05 13:56:00.000000,,50.0
41,,,,44,27,1.0,2,,2024-01-05 12:46:15.180,2024-01-05 12:46:15.180000,,27.0
42,,,,45,27,1.0,2,,2024-01-05 12:46:15.180,2024-01-05 12:46:15.180000,,4.0
43,,,,46,28,1.0,2,,,2023-12-05 13:52:24.000000,,56.0
44,,,,47,29,1.0,2,,,2023-12-05 13:40:34.000000,,52.0
45,,,,48,30,1.0,2,,,2023-12-05 13:40:47.000000,,53.0
46,,,,49,31,1.0,2,,,2023-12-05 13:40:57.000000,,54.0
47,,,,50,32,1.0,2,,,2023-12-05 13:41:04.000000,,48.0
48,,,,51,33,1.0,2,,,2023-12-05 13:49:49.000000,,47.0
49,,,,52,34,1.0,2,,,2023-12-05 13:41:17.000000,,44.0
50,54.988062,377.43225,10.089210000000001,53,35,1.0,2,,,2024-02-22 09:30:04.442131,16.271030373000002,19.0
51,59.370650999999995,352.01085,13.4982925,54,36,1.0,2,,,2024-02-22 09:58:52.750152,7.83137915,33.0
52,59.420517,352.5757,13.593187499999999,55,36,1.0,2,,,2024-02-22 10:01:22.881103,7.8007098,30.0
53,,,,56,37,1.0,2,,,2024-01-08 22:18:00.000000,,35.0
54,,,,57,37,1.0,2,,,2024-01-12 14:55:00.000000,,36.0
55,,,,58,19,1.0,2,,2024-01-05 12:46:15.180,2024-01-05 12:46:15.180000,,8.0
56,272.8026845637584,326.15,14.075833333333334,59,38,4.0,2,,,2024-10-02 10:14:39.781491,7.691229095743197,2.0
57,269.3395973154362,315.98,13.80125,60,39,1.0,2,,,2024-10-04 15:02:52.658187,7.952939907138424,28.0
58,,,,61,40,1.0,2,,,2023-12-05 13:42:13.000000,,45.0
59,,,,62,40,1.0,2,,,2023-12-05 13:53:02.000000,,46.0
60,,,,63,41,2.0,2,,,,,3.0
61,,,,64,41,2.0,2,,,,,4.0
62,,,,65,42,1.0,2,,2024-01-05 12:46:15.180,2024-01-05 12:46:15.180000,,14.0
63,,,,66,42,1.0,2,,2024-01-05 12:46:15.180,2024-01-05 12:46:15.180000,,15.0
64,,,,67,42,1.0,2,,2024-01-05 12:46:15.180,2024-01-05 12:46:15.180000,,16.0
65,,,,68,42,1.0,2,,2024-01-05 12:46:15.180,2024-01-05 12:46:15.180000,,17.0
66,,,,69,42,1.0,2,,2024-01-05 12:46:15.180,2024-01-05 12:46:15.180000,,18.0
67,,,,70,42,1.0,2,,2024-01-05 12:46:15.180,2024-01-05 12:46:15.180000,,19.0
68,,,,71,42,1.0,2,,2024-01-05 12:46:15.180,2024-01-05 12:46:15.180000,,20.0
69,43.148681999999994,399.3824833333333,15.094955,73,43,1.0,2,,,2024-02-22 09:43:19.834868,6.003149573,48.0
70,18.049344,297.966,14.817255,73,44,1.0,2,,,2024-02-22 09:43:20.162986,8.48156655,47.0
71,,,,74,45,1.0,2,,2024-01-05 12:46:15.180,2024-01-05 12:46:15.180000,,1.0
72,,,,75,46,1.0,2,,2024-01-05 12:46:15.180,2024-01-05 12:46:15.180000,,11.0
73,196.83624161073826,398.95,14.11,76,47,4.0,2,,,2024-10-02 09:52:42.967349,7.450160197108363,5.0
74,49.799484,449.93815,15.23434,77,48,1.0,2,,,2024-08-09 15:15:27.210092,8.236421,35.0
75,,,,78,49,1.0,2,,2024-01-05 12:46:15.180,2024-01-05 12:46:15.180000,,21.0
76,,,,79,50,1.0,2,,2024-01-05 12:46:15.180,2024-01-05 12:46:15.180000,,10.0
77,,,,80,51,1.0,2,,2024-01-05 12:46:15.180,2024-01-05 12:46:15.180000,,3.0
78,,,,81,51,1.0,2,,2024-01-05 12:46:15.180,2024-01-05 12:46:15.180000,,2.0
79,,,,82,52,1.0,2,,2024-01-05 12:46:15.180,2024-01-05 12:46:15.180000,,13.0
80,,,,83,52,1.0,2,,2024-01-05 12:46:15.180,2024-01-05 12:46:15.180000,,12.0
81,34.305252,337.97585000000004,11.801825000000001,84,53,1.0,2,,,2024-02-22 10:21:40.735152,11.4579955361,21.0
82,36.336702,336.21595,11.779734999999999,85,53,1.0,2,,,2024-02-22 10:22:08.362569,10.90586868,22.0
83,,,,86,54,1.0,2,,,2023-12-05 13:57:04.000000,,59.0
84,,,,87,54,1.0,2,,,2023-12-05 13:56:59.000000,,60.0
85,58.747756,283.4246333333333,13.762245000000002,88,55,4.0,2,,,2024-09-23 11:10:59.526483,7.669028201,6.0
86,239.6536912751678,344.05,4.725,89,56,4.0,2,,,2024-09-23 11:24:29.183478,15.835284166107371,5.0
87,239.7140939597315,343.54,4.705,90,56,4.0,2,,,2024-09-23 11:25:23.438734,15.805226971068414,6.0
88,,,,91,57,1.0,2,,2024-01-05 12:46:15.180,2024-01-05 12:46:15.180000,,5.0
89,,,,92,57,1.0,2,,2024-01-05 12:46:15.180,2024-01-05 12:46:15.180000,,6.0
90,,,,93,57,1.0,2,,2024-01-05 12:46:15.180,2024-01-05 12:46:15.180000,,9.0
91,258.28993288590607,346.91,12.7225,94,58,4.0,2,,,2024-09-23 11:09:08.602066,8.867438631382637,1.0
92,,,,95,59,1.0,2,,2024-01-05 12:46:15.180,2024-01-05 12:46:15.180000,,22.0
93,276.7208053691275,412.6,14.675,96,60,4.0,2,,,2024-09-23 11:05:54.937933,7.035749571165552,1.0
94,77.83353,414.10322499999995,14.6821875,97,60,1.0,2,,,2024-09-19 10:59:30.391053,10.471020880000001,30.0
95,274.4697986577181,411.46,14.7625,98,60,4.0,2,,,2024-09-23 11:07:08.200494,7.00881276838436,3.0
96,77.904255,413.365675,14.592914999999998,99,60,4.0,2,,,2024-09-23 11:07:37.872113,11.309181391000001,4.0
97,226.7476510067114,287.54,2.21,100,61,5.0,2,,,2024-10-02 09:36:44.627030,17.956713553676565,2.0
98,77.21574000000001,359.220725,11.342745,101,62,1.0,2,,,2024-02-22 09:42:05.528701,15.143131093000001,27.0
99,78.17391,413.43867500000005,14.651675000000001,102,60,4.0,2,,,2024-09-23 11:06:34.108225,11.311152480999999,2.0
100,29.859972000000003,322.917825,13.625977500000001,103,63,1.0,2,,,2024-02-22 09:44:36.171972,8.02166643,46.0
101,28.316805,319.625625,14.19881,103,64,1.0,2,,,2024-02-22 09:44:36.390715,7.25076388,45.0
102,29.859972000000003,322.917825,13.625977500000001,104,63,1.0,2,,,2024-02-22 09:45:41.273970,8.02166643,43.0
103,28.316805,319.625625,14.19881,104,64,1.0,2,,,2024-02-22 09:45:41.461476,7.25076388,44.0
104,49.795212,399.669375,15.538174999999999,105,65,1.0,2,,,2024-09-18 15:34:08.327363,9.3718064177,33.0
106,66.66229999999999,398.87226666666663,15.407425000000002,107,66,1.0,2,,,2024-02-22 10:23:06.055886,9.304224106333333,20.0
107,,,,108,67,1.0,2,,,2024-02-07 14:05:00.000000,,30.0
108,,,,109,67,,2,,,,,
109,,,,110,67,1.0,2,,,2024-07-02 14:05:00.000000,,34.0
110,109.2072,445.05195000000003,14.483307499999999,111,68,1.0,2,,,2024-02-13 16:08:55.251602,11.0868504,19.0
111,107.31684,444.58984999999996,14.457239999999999,112,68,1.0,2,,,2024-02-22 09:33:10.990754,10.908557626,21.0
112,254.0335570469798,347.8,13.61,113,69,4.0,2,,,2024-10-02 10:02:49.409774,7.908491704084995,10.0
113,61.819559999999996,365.934775,2.971824,114,70,1.0,2,,,2024-02-22 09:22:57.005725,17.590570917,15.0
114,126.30906,269.94468333333333,3.1471343333333337,115,71,1.0,2,,,2024-02-22 09:38:58.157930,9.262546787000002,25.0
115,55.671305999999994,399.47915,15.477237500000001,116,72,1.0,2,,,2024-02-22 10:25:28.581201,9.326749061000001,19.0
116,,,,117,73,6.0,2,,,,,1.0
117,85.03353,316.84535,13.30720125,118,74,1.0,2,,,2024-09-19 10:54:40.644363,8.256211785000001,31.0
118,85.15083000000001,316.75035,13.1271175,119,74,1.0,2,,,2024-09-19 10:53:33.876628,8.498636818000001,32.0
119,79.12530000000001,395.560025,11.6482825,120,75,1.0,2,,,2024-06-05 13:36:04.030108,9.516597979999998,21.0
120,29.6568,363.30505000000005,11.838962500000001,121,17,1.0,2,,,2024-06-05 13:22:46.392820,11.1596764227,30.0
121,61.63896,334.43695,12.41837625,122,76,1.0,2,,,2024-08-14 10:17:05.220281,8.802158854000002,9.0
122,,,,122,77,1.0,2,,2024-08-14 10:25:21.000,2024-08-14 10:25:26.000000,,30.0
123,90.73014857142856,334.39387857142856,12.375267857142857,123,78,1.0,2,,,2024-07-24 11:46:13.570471,8.798526643142857,11.0
124,,,,123,79,1.0,2,,2024-08-14 10:25:34.000,2024-08-14 10:25:36.000000,,31.0
125,179.710067114094,318.0,13.7225,124,80,3.0,2,,,2024-10-30 13:51:28.243331,7.776844432232322,1.0
126,186.84161073825504,319.97,13.87,125,80,3.0,2,,,2024-09-23 11:01:56.492865,8.102617875661936,2.0
127,82.9125,355.18995,13.14082,126,51,1.0,2,,,2024-02-22 10:15:48.055538,10.288664725,27.0
128,99.45125999999999,320.411,15.051525,126,81,1.0,2,,,2024-02-22 10:15:48.149283,7.175605926000001,28.0
129,80.5155,356.67764999999997,12.986405000000001,127,51,1.0,2,,,2024-02-22 10:19:49.789200,9.601513318,25.0
130,96.49380000000001,320.17674999999997,15.0944875,127,81,1.0,2,,,2024-02-22 10:19:49.882938,7.26441809,26.0
131,82.12935,356.358325,12.967725000000002,130,51,1.0,2,,,2024-02-22 10:20:38.477777,10.387067530000001,23.0
132,98.16901500000002,320.2213375,14.94848625,130,81,1.0,2,,,2024-02-22 10:20:39.055900,7.152757115,24.0
133,80.51403,356.82435,12.8746775,131,51,1.0,2,,,2024-02-22 09:37:02.875341,10.073768899,24.0
134,96.27975,319.98294999999996,14.9566375,131,81,1.0,2,,,2024-02-22 09:37:03.047219,7.179818073,30.0
135,259.38926174496646,368.23,12.1,132,82,4.0,2,,,2024-10-02 10:01:03.494741,9.561866728476568,8.0
136,258.8255033557047,368.12,12.11,133,82,4.0,2,,,2024-10-02 10:01:42.290883,9.733354265222403,9.0
137,54.45569571428571,341.1247285714286,13.358804285714285,134,83,1.0,2,,,2024-06-05 13:24:15.802264,14.575733228571428,18.0
138,74.42214,453.6504,15.55003,135,84,1.0,2,,,2024-02-22 09:40:05.754135,8.3671014839,26.0
139,79.15677000000001,320.03049999999996,13.9514175,136,85,1.0,2,,,2024-06-05 13:35:11.576339,7.59318092,20.0
140,140.0053691275168,390.02,2.88,137,86,4.0,2,,,2025-01-14 11:31:23.792460,17.17363097104562,1.0
141,81.94611,459.7951,15.713515000000001,139,24,1.0,2,,,2024-02-22 09:30:57.994784,5.728160020000001,20.0
142,59.6865105,353.1460125,11.370761250000001,140,87,1.0,2,,,2024-06-05 13:29:43.717276,9.932033121,26.0
143,51.179199,316.951325,12.349045,141,31,1.0,2,,,2024-04-17 16:03:32.167265,7.9083656829999995,12.0
144,38.12982,457.351075,14.9881975,143,88,1.0,2,,,2024-06-05 13:12:31.864939,7.17221075,7.0
145,41.686941,370.81725,13.5213625,144,89,1.0,2,,,2024-06-05 13:44:04.562497,7.497560121,16.0
146,63.98547,371.056325,3.0756439999999996,146,90,1.0,2,,,2024-11-05 12:59:33.440738,12.969236603000002,49.0
147,97.19205,315.486275,16.884529999999998,147,91,1.0,2,,,2024-06-05 13:46:24.379578,4.44928532,18.0
148,97.38082,315.76776666666666,16.979215,148,91,1.0,2,,,2024-06-05 13:46:53.836147,4.490875525666667,19.0
149,113.04132,316.60455,14.136367499999999,145,92,1.0,2,,,2024-06-05 13:31:56.778855,8.900659479999998,19.0
150,,,,149,93,1.0,2,,2024-08-14 10:32:51.000,2024-08-14 10:32:53.000000,,26.0
151,,,,150,93,1.0,2,,2024-08-14 10:32:41.000,2024-08-14 10:32:42.000000,,27.0
152,60.583020000000005,297.465025,11.5823825,151,94,1.0,2,,,2024-05-16 07:49:32.411164,12.03643624,7.0
153,,,,152,68,1.0,2,,,,,41.0
154,,,,153,68,1.0,2,,,,,42.0
155,60.267540000000004,327.692225,12.14251,154,95,1.0,2,,,2024-07-24 11:00:47.725923,7.089066900000001,7.0
156,91.97079000000001,317.87445,12.656265,156,96,1.0,2,,,2024-07-24 11:34:06.919203,7.973281793,7.0
157,66.32724,447.8075799999999,14.954111000000001,157,97,1.0,2,,,2024-07-31 10:43:51.072287,8.415349761000002,69.0
158,,,,158,98,1.0,2,,,2024-05-21 15:19:00.000000,,41.0
159,,,,159,98,1.0,2,,2024-05-20 08:07:00.000,2024-05-20 08:07:00.000000,,35.0
160,49.376520000000006,449.00769999999994,14.911828333333332,160,99,1.0,2,,,2024-06-05 13:07:40.007944,8.090388276666665,5.0
161,83.95103999999999,301.909925,12.131017499999999,161,67,1.0,2,,,2024-07-24 11:37:38.616337,15.15501936,7.0
162,35.01693,349.29575,13.047355,164,101,1.0,2,,,2024-07-31 09:01:14.009472,7.828669799999999,73.0
163,22.635213999999998,315.67983333333336,14.157795,164,102,1.0,2,,,2024-07-31 09:01:14.196980,7.239753385333334,74.0
164,57.18,340.58500000000004,13.325,165,19,1.0,2,,,2024-07-24 11:42:53.901165,7.4645,8.0
165,38.12982,457.351075,14.9881975,166,100,1.0,2,,,2024-08-01 16:03:46.958798,7.17221075,39.0
166,,,,167,11,2.0,2,,,,,20.0
167,,,,168,12,2.0,2,,,,,21.0
168,,,,169,13,2.0,2,,,,,22.0
169,,,,170,14,2.0,2,,,,,23.0
170,59.203137999999996,338.58254999999997,13.436865000000001,171,29,1.0,2,,,2024-09-18 15:04:44.771778,7.68252014,43.0
171,82.29024,273.85967500000004,13.6227275,173,104,1.0,2,,,2024-08-01 16:00:48.301741,7.5942082196,45.0
172,52.6014,341.14,13.29,175,83,1.0,2,,,2024-08-01 16:00:02.704651,14.617,46.0
173,,,,176,105,2.0,2,,,,,17.0
174,,,,177,105,2.0,2,,,,,18.0
175,,,,178,105,2.0,2,,,,,19.0
176,72.15306,314.4021,12.827665,179,106,1.0,2,,,2024-08-01 15:59:13.762733,10.38502115,47.0
177,71.80512,313.9735,12.713619999999999,180,106,1.0,2,,,2024-08-01 15:20:50.161134,10.3089275199,48.0
178,74.54102999999999,361.433825,15.270545,183,107,1.0,2,,,2024-08-01 15:19:47.013754,3.730581344,49.0
179,122.00352000000001,330.57745,15.695319999999999,184,109,1.0,2,,,2024-07-31 13:15:37.171858,4.90189022,58.0
180,61.32,274.21000000000004,15.02,185,110,1.0,2,,,2024-07-31 13:14:08.162426,5.9285,59.0
181,65.78992,349.2808666666667,12.414460000000002,186,111,1.0,2,,,2024-07-31 13:12:13.657505,8.452955201333332,60.0
182,60.36916,340.41836666666666,13.456176666666666,187,19,1.0,2,,,2024-07-31 13:11:21.275883,7.113859454666668,61.0
183,50.44804799999999,299.27250000000004,11.459393333333335,188,112,1.0,2,,,2024-07-31 13:10:21.331258,13.160502193333334,62.0
184,55.329384000000005,304.78835,11.5569775,188,113,1.0,2,,,2024-07-31 13:10:21.612714,14.150522250000002,63.0
185,47.89770000000001,381.70500000000004,15.805,189,114,1.0,2,,,2024-07-24 10:50:44.957528,7.466988258,5.0
186,67.16741999999999,415.01762499999995,13.0524625,190,115,1.0,2,,,2024-07-31 13:09:13.746811,11.30489202,64.0
187,,,,191,116,1.0,2,,,2024-06-14 10:27:00.000000,,40.0
188,57.96,283.675,13.815000000000001,192,55,1.0,2,,,2024-07-31 13:03:26.228392,7.43,65.0
189,82.17,295.34,12.805,193,117,1.0,2,,,2024-07-31 10:46:09.526698,10.105,66.0
190,82.482,295.325,12.885,194,117,1.0,2,,,2024-07-31 10:45:35.601305,10.0915,67.0
191,87.6,315.12,13.78,195,118,1.0,2,,,2024-07-31 10:44:43.969879,5.41,68.0
192,83.64846,377.302325,13.773182499999999,198,119,1.0,2,,,2024-07-31 10:42:26.095078,7.503746842,70.0
193,83.56698,377.232925,13.9564425,199,119,1.0,2,,,2024-07-31 10:41:12.444551,7.452912068,71.0
194,62.36064,343.75935,13.811425,200,120,1.0,2,,,2024-07-31 10:40:13.080650,7.220248879,72.0
195,62.31204000000001,343.5151375,13.754536250000001,201,120,1.0,2,,,2024-07-31 10:22:54.260838,7.1102318250000005,73.0
196,22.779600000000002,371.945,13.48,202,121,1.0,2,,,2024-07-31 08:54:14.047326,8.5225,78.0
197,,,,203,122,6.0,3,,,,,2.0
198,184.151677852349,377.74,11.079285714285714,204,123,4.0,2,,,2024-08-26 12:51:26.889926,11.388404725426533,3.0
199,55.5984,301.275,13.73,205,123,4.0,2,,,2024-08-26 12:46:22.879313,7.529999999999999,1.0
200,183.63624161073824,377.22,11.128571428571428,206,123,4.0,2,,,2024-08-26 12:48:44.160890,11.08056369441057,2.0
201,40.15956,446.7875,14.7587625,207,124,1.0,2,,,2024-07-31 10:16:52.674062,9.510071338,74.0
202,,,,208,125,1.0,2,,,2024-07-30 08:20:00.000000,,39.0
203,,,,209,125,1.0,2,,,2024-07-30 08:20:00.000000,,38.0
204,44.037600000000005,326.07000000000005,13.585,210,126,1.0,2,,,2024-07-31 10:14:44.576938,7.61,75.0
205,65.25,346.02925,12.36,211,127,1.0,2,,,2024-07-31 10:08:13.109327,13.044999999999998,76.0
206,69.79323,309.24145,14.51948,212,103,1.0,2,,,2024-07-31 10:06:55.451322,9.562214055000002,77.0
207,29.055,229.29500000000002,15.065000000000001,214,128,1.0,2,,,2024-08-01 12:45:46.947583,5.75,2.0
208,,,,215,129,1.0,2,,,2024-10-30 13:38:45.000000,,42.0
209,59.9556,351.65,11.43,216,87,1.0,2,,,2024-08-01 14:27:02.294464,9.455,4.0
210,60.204,352.36,11.34,217,87,1.0,2,,,2024-08-01 14:27:34.248483,9.665,5.0
211,60.0,340.63,13.55,218,19,1.0,2,,,2024-08-01 13:50:59.136430,7.629999999999999,4.0
212,55.2012,355.805,12.190000000000001,219,130,1.0,2,,,2024-08-01 12:59:44.532415,15.325,4.0
213,64.02,332.885,13.32,221,132,1.0,2,,,2024-08-27 09:09:14.775453,7.91,3.0
214,53.662800000000004,299.25,15.01,224,133,1.0,2,,,2024-08-26 15:49:08.349497,5.756,3.0
215,53.6694,299.225,15.045,225,133,1.0,2,,,2024-08-26 15:49:39.196295,5.749,4.0
216,96.8496575877551,310.435,14.975,226,134,1.0,2,,,2024-08-20 10:02:26.074963,6.2455,3.0
217,54.1614,377.005,10.07,227,35,1.0,2,,,2024-08-27 16:37:46.767728,15.997499999999999,12.0
218,,,,229,136,1.0,2,,,2024-10-30 13:34:57.000000,,46.0
219,54.301199999999994,334.825,13.395,230,137,1.0,2,,,2024-10-30 13:18:27.798136,8.2455,49.0
220,54.3048,334.805,13.375,231,137,1.0,2,,,2024-10-30 13:28:27.291400,8.21,5.0
221,54.465,334.905,13.379999999999999,232,137,1.0,2,,,2024-10-30 13:28:53.392467,8.305,7.0
222,29.7426,363.385,11.93,233,18,1.0,2,,,2024-08-26 16:44:59.793486,10.803,11.0
223,37.20813,311.77369999999996,11.98724,235,138,1.0,2,,,2024-07-31 08:39:51.693746,12.1303098,75.0
224,35.4972,471.295,15.379999999999999,236,139,1.0,2,,,2024-08-01 12:47:40.370803,9.855,3.0
225,,,,237,139,,2,,,,,
226,,,,238,139,,2,,,,,
227,,,,239,139,,2,,,,,
228,,,,240,139,,2,,,,,
229,,,,241,139,,2,,,,,
230,55.5984,301.275,13.73,242,98,1.0,2,,,2024-08-26 12:44:20.472006,7.529999999999999,1.0
231,64.62,301.90999999999997,13.684999999999999,243,98,1.0,2,,,2024-08-26 12:44:50.663052,7.58,2.0
232,77.9382,346.7,12.015,244,140,1.0,2,,,2024-08-26 16:04:42.163734,15.9065,3.0
233,,,,246,141,1.0,2,,,2024-10-30 13:36:38.000000,,44.0
234,76.5,264.55,14.475000000000001,245,142,1.0,2,,,2024-10-30 13:26:50.239547,8.055,47.0
235,43.74,354.56,12.875,247,143,1.0,2,,,2024-08-27 15:46:51.506686,8.68,7.0
236,44.29260000000001,397.12,11.344999999999999,248,9,1.0,2,,,2024-10-30 13:16:07.719937,9.719999999999999,50.0
237,32.453399999999995,367.815,7.615,249,7,1.0,2,,,2024-08-14 13:30:33.398244,12.603000000000002,1.0
238,87.546,310.26,15.5,220,131,1.0,2,,,2024-08-27 12:46:33.241416,7.8495,1.0
239,67.056,388.21000000000004,2.935,250,144,1.0,2,,,2024-08-27 15:04:29.690665,16.075000000000003,4.0
240,66.912,393.44,2.79,251,23,1.0,2,,,2024-08-28 08:49:23.378288,17.094,8.0
241,92.7,395.135,3.02,252,145,1.0,2,,,2024-09-23 10:55:22.765038,12.059999999999999,1.0
242,51.60150000000001,322.27,15.1825,253,146,1.0,2,,,2024-10-30 13:26:14.001745,8.085,48.0
243,29.671799999999998,363.4,11.89,255,18,1.0,2,,,2024-10-30 13:24:31.071525,10.98,47.0
244,48.414,300.21500000000003,12.385000000000002,257,147,1.0,2,,,2024-08-30 10:28:19.774822,10.02,9.0
245,36.181799999999996,303.155,14.275,258,148,1.0,2,,,2024-10-30 13:23:15.236058,7.720000000000001,48.0
246,,,,259,149,1.0,2,,,2024-10-30 13:37:25.000000,,43.0
247,49.513200000000005,444.51800000000003,16.095,228,135,1.0,2,,,2024-10-30 13:32:43.102506,5.255,45.0
248,33.024,395.52,3.0250000000000004,260,150,1.0,2,,,2024-09-25 11:45:44.557568,15.06,1.0
250,31.129800000000003,395.20500000000004,3.075,261,152,1.0,2,,,2024-09-25 11:46:21.565620,16.119999999999997,2.0
251,29.3046,471.03499999999997,15.445,262,139,1.0,2,,,2024-09-11 13:07:11.106284,10.01,1.0
252,75.36,318.58,13.825,263,153,1.0,2,,,2024-10-02 08:42:22.710192,7.555,1.0
253,28.1634,471.34000000000003,15.355,264,139,1.0,2,,,2024-09-11 13:08:13.442417,9.96,2.0
254,35.4972,471.295,15.379999999999999,265,139,1.0,2,,,2024-09-18 12:51:20.071925,9.855,2.0
255,116.16,350.565,13.280000000000001,266,154,1.0,2,,,2024-10-17 15:01:03.099172,7.779999999999999,1.0
256,115.68,348.39,13.47,267,154,1.0,2,,,2024-10-17 15:01:25.477550,7.77,2.0
257,,,,268,32,5.0,2,,,,,1.0
258,221.05369127516778,386.53,2.0216666666666665,268,155,5.0,2,,,2025-01-14 10:18:32.413132,18.14414457531409,3.0
259,208.46979865771814,386.07,2.0928571428571425,269,33,5.0,2,,,2025-01-14 10:23:14.550685,18.32151252500798,4.0
260,,,,270,157,,2,,,,,
261,66.48,383.44,3.12,271,158,1.0,2,,,2024-10-04 10:01:12.920726,15.235,4.0
262,69.3,377.62,14.265,272,42,1.0,2,,,2024-10-17 15:02:04.232896,7.82,3.0
263,65.04,378.04499999999996,14.22,273,42,1.0,2,,,2024-10-17 15:02:29.001661,7.735,4.0
264,69.42,378.3,14.265,274,159,1.0,2,,,2024-10-17 15:02:57.589181,7.715,5.0
265,69.36,378.095,14.23,275,159,1.0,2,,,2024-10-17 15:03:20.624134,7.789999999999999,6.0
266,58.019400000000005,326.5,13.735,276,40,1.0,2,,,2024-09-23 10:57:43.438910,7.22,2.0
267,57.402,326.015,13.739999999999998,277,40,1.0,2,,,2024-09-23 10:58:08.400190,7.184999999999999,3.0
268,107.75033557046979,400.35,15.494,278,161,5.0,2,,,2025-01-14 10:17:04.614398,6.875647888613809,1.0
269,,,,279,162,1.0,2,,,,,26.0
270,,,,280,163,1.0,2,,,,,37.0
271,36.074400000000004,336.68,11.629999999999999,281,53,1.0,2,,,2024-10-28 12:44:54.060049,11.05,3.0
272,36.2772,336.115,11.785,282,53,1.0,2,,,2024-10-28 12:45:18.379977,11.129999999999999,4.0
273,21.5754,175.1,5.265000000000001,283,1,1.0,2,,,2024-12-11 14:19:41.267887,16.395,3.0
274,21.677400000000002,204.26999999999998,5.140000000000001,283,2,1.0,2,,,2024-12-11 14:19:41.907457,16.294999999999998,3.0
276,112.68,320.865,2.08,284,166,1.0,2,,,2024-10-03 08:01:02.527433,10.0,2.0
277,112.92,320.43,1.88,284,167,1.0,2,,,2024-10-03 08:01:02.871181,9.82,3.0
278,,,,285,168,1.0,2,,,,,38.0
279,44.266799999999996,396.77,11.275,286,9,1.0,2,,,2024-12-03 16:34:48.025695,9.895,6.0
280,42.48,390.315,14.54,287,27,1.0,2,,,2024-12-03 16:36:47.238821,6.465,8.0
281,42.7836,392.06,14.58,288,27,1.0,2,,,2024-12-03 16:37:22.623118,6.52,9.0
282,42.2982,297.38,13.575,289,169,1.0,2,,,2024-12-03 16:38:33.687832,14.350000000000001,11.0
283,,,,290,168,1.0,2,,,,,39.0
284,51.864599999999996,299.855,11.52,291,112,1.0,2,,,2024-12-03 16:39:11.382875,13.15,12.0
285,56.7,304.895,11.665,291,113,1.0,2,,,2024-12-11 14:28:07.075800,14.219999999999999,7.0
286,56.318400000000004,283.25,14.649999999999999,292,170,1.0,2,,,2024-12-04 08:27:46.601073,6.175,8.0
287,98.46,316.52,2.2,293,171,1.0,2,,,2024-12-04 08:30:53.794986,11.940000000000001,11.0
288,49.254,221.91,15.1,294,172,1.0,2,,,2024-12-04 08:28:28.986474,4.0,9.0
289,18.701400000000003,406.105,4.405,295,173,1.0,2,,,2024-12-04 08:29:29.879249,17.115000000000002,10.0
290,30.201600000000003,383.45000000000005,11.27,296,174,1.0,2,,,2024-12-04 08:32:42.092205,10.135000000000002,12.0
291,30.177599999999998,383.515,11.14,297,174,1.0,2,,,2024-12-04 08:31:52.953948,12.975000000000001,13.0
292,,,,298,175,1.0,2,,,,,40.0
293,70.5,343.87,3.0300000000000002,299,175,1.0,2,,,2024-12-04 08:34:30.000846,19.130000000000003,15.0
294,61.02,345.08500000000004,12.97,300,176,1.0,2,,,2024-12-04 08:35:37.541697,11.015,16.0
295,74.82,339.36,13.76,301,177,1.0,2,,,2024-12-04 08:37:16.964925,7.94,17.0
296,63.3,337.055,12.57,302,178,1.0,2,,,2024-12-04 08:39:03.197532,8.815,18.0
297,82.62,352.82,2.0949999999999998,303,179,1.0,2,,,2024-12-04 08:39:42.234751,15.555,19.0
298,64.5,315.48,4.945,304,180,1.0,2,,,2024-12-04 12:02:52.855012,16.805,12.0
302,48.7686,350.435,11.7925,316,182,1.0,2,,,2024-12-11 14:55:35.989284,11.600000000000001,12.0
303,48.576,350.17499999999995,11.774999999999999,316,183,1.0,2,,,2024-12-11 14:55:37.073877,11.620000000000001,13.0
304,47.817600000000006,350.25,11.8575,313,183,1.0,2,,,2024-12-10 14:28:36.131086,11.6175,14.0
305,49.041599999999995,350.725,11.809999999999999,314,183,1.0,2,,,2024-12-10 14:29:26.758403,11.535,15.0
306,101.28,452.40999999999997,15.55,317,184,1.0,2,,,2024-12-11 14:13:45.680603,5.9399999999999995,5.0
307,95.82,452.9125,15.842500000000001,317,185,1.0,2,,,2024-12-11 14:13:45.959603,6.827500000000001,4.0
308,90.96,340.255,13.77,318,186,1.0,2,,,2024-12-11 14:39:56.666032,7.862500000000001,14.0
309,91.32,340.48,13.69,319,186,1.0,2,,,2024-12-11 14:40:22.036517,7.775,15.0
310,53.0946,308.91499999999996,13.567499999999999,320,187,1.0,2,,,2025-01-06 13:57:49.216547,7.817500000000001,8.0
311,53.1216,310.71500000000003,13.5625,321,187,1.0,2,,,2025-01-06 13:58:26.683773,7.842499999999999,9.0
312,22.494,305.22,15.5725,322,181,1.0,2,,,2024-12-04 08:40:51.402334,10.4925,21.0
313,31.887600000000003,465.795,14.61,323,188,1.0,2,,,2025-01-06 13:59:34.453893,10.309999999999999,11.0
314,54.744,376.735,10.004999999999999,324,35,1.0,2,,,2025-01-06 14:00:26.542530,16.634999999999998,12.0
315,48.268800000000006,290.33500000000004,14.592500000000001,325,189,1.0,2,,,2025-01-23 10:36:23.371444,7.05,8.0
316,89.22,288.07,15.415,326,189,1.0,2,,,2025-01-13 14:10:38.265522,6.859999999999999,9.0
317,,,,327,190,1.0,2,,,,,43.0
318,49.6176,291.3,14.62,328,191,1.0,2,,,2025-01-23 10:55:19.992411,7.025,15.0
319,,,,329,192,3.0,2,,,,,1.0
320,,,,329,193,3.0,2,,,,,2.0
321,49.5372,290.82000000000005,14.61,330,191,1.0,2,,,2025-01-23 10:55:58.496415,7.0375,16.0
322,48.268800000000006,290.33500000000004,14.592500000000001,331,191,1.0,2,,,2025-01-23 10:56:38.238368,7.05,17.0
323,58.8756,339.49,13.445,332,19,1.0,2,,,2025-02-06 08:46:59.501791,8.129999999999999,11.0
324,27.2568,450.97,14.24,333,194,1.0,2,,,2024-12-11 14:13:02.844035,12.469999999999999,11.0
325,23.282400000000003,325.875,13.7425,334,195,1.0,2,,,2025-01-15 10:02:39.398730,13.09,21.0
326,24.606600000000004,326.48,13.862499999999999,335,195,1.0,2,,,2025-01-15 10:03:13.613074,7.6274999999999995,22.0
327,,,,336,196,5.0,2,,,,,2.0
328,37.1298,366.325,12.1025,337,197,1.0,2,,,2025-02-07 11:40:18.545318,9.07,11.0
329,172.103355704698,340.89,3.4949999999999997,339,198,3.0,2,,,2025-02-04 16:52:05.370455,16.582471879228137,3.0
330,,,,339,199,3.0,2,,,,,3.0
331,171.36241610738256,338.65,3.544230769230769,340,198,3.0,2,,,2025-02-04 17:03:32.748706,16.486877742198242,5.0
332,,,,340,199,3.0,2,,,,,4.0
333,171.84000000000003,341.48,3.447272727272727,341,198,3.0,2,,,2025-02-04 17:17:08.153051,16.48306867004659,7.0
334,,,,341,199,3.0,2,,,,,5.0
335,171.1610738255034,340.55,3.482142857142857,342,198,3.0,2,,,2025-02-04 17:26:05.756778,16.486030518324295,9.0
336,,,,342,199,3.0,2,,,,,6.0
337,171.1610738255034,340.55,3.482142857142857,343,200,3.0,2,,,2025-02-05 07:49:44.239707,16.486030518324295,7.0
338,,,,343,202,3.0,2,,,,,7.0
339,173.21879194630873,340.7,3.4400000000000004,344,200,3.0,2,,,2025-02-05 08:58:02.391672,16.58487722338649,8.0
340,,,,344,202,3.0,2,,,,,8.0
341,174.62013422818794,339.36,3.49,345,200,3.0,2,,,2025-02-05 09:10:54.168006,16.64202421201913,10.0
342,,,,345,202,3.0,2,,,,,9.0
343,174.97046979865772,339.74,3.385,346,200,3.0,2,,,2025-02-05 09:53:54.926746,16.678906515542113,10.0
344,,,,346,202,3.0,2,,,,,10.0
345,87.45100671140939,364.34,3.8008333333333333,347,203,4.0,2,,,2025-01-14 11:21:25.005252,16.462486695689588,2.0
346,96.80134228187919,367.07,3.56,348,203,4.0,2,,,2025-01-14 11:22:02.555895,16.28697647413209,3.0
347,69.48724832214764,365.18,3.7045454545454537,349,203,4.0,2,,,2025-01-14 11:22:32.541024,16.28046041853633,4.0
348,,,,350,204,4.0,2,,,,,1.0
349,96.26979865771811,356.04,3.0474999999999994,351,205,3.0,2,,,2025-01-15 12:32:01.562044,16.890261206353735,19.0
350,,,,351,206,3.0,2,,,,,11.0
351,95.8469798657718,358.33,2.8854999999999995,352,205,3.0,2,,,2025-01-15 12:33:23.300788,16.897030514934578,21.0
352,,,,352,206,3.0,2,,,,,12.0
353,,,,353,205,6.0,3,,,,,3.0
354,,,,353,206,7.0,3,,,,,1.0
355,,,,354,205,6.0,3,,,,,4.0
356,,,,354,206,6.0,3,,,,,5.0
357,,,,355,209,1.0,2,,,,,50.0
358,,,,355,210,1.0,2,,,,,51.0
359,,,,356,207,1.0,2,,,,,52.0
360,,,,356,208,1.0,2,,,,,53.0
361,157.993288590604,342.4,3.716666666666667,357,211,5.0,2,,,2025-01-14 08:49:29.908646,16.590930848824385,6.0
362,157.68724832214764,341.55,3.482307692307692,358,211,5.0,2,,,2025-01-14 08:49:58.499951,16.40504316432522,7.0
363,158.21476510067117,342.26,3.679,359,211,5.0,2,,,2025-01-14 08:50:31.117669,16.4773901490568,8.0
364,156.94228187919464,342.17,3.617142857142857,360,211,5.0,2,,,2025-01-14 08:51:02.640728,16.440891772728122,9.0
365,76.38,360.425,13.4275,361,213,1.0,2,,,2025-02-06 15:51:56.250813,9.135,17.0
366,,,,362,47,4.0,2,,,,,6.0
367,157.6791946308725,357.46,3.901666666666666,363,214,5.0,2,,,2025-01-14 10:35:08.689102,16.51478558149946,3.0
368,,,,363,215,5.0,2,,,,,3.0
369,171.52751677852348,337.9,3.0,364,216,3.0,2,,,2025-02-05 13:23:09.854996,16.81054772183036,13.0
370,,,,364,217,3.0,2,,,,,13.0
371,171.1489932885906,338.41,3.0880769230769234,365,216,3.0,2,,,2025-02-05 13:34:38.888223,16.841563035596486,14.0
372,,,,365,217,3.0,2,,,,,14.0
373,171.11677852348996,337.62,3.17,366,216,3.0,2,,,2025-02-05 13:45:51.859340,16.924036225148196,15.0
374,,,,366,217,3.0,2,,,,,15.0
375,,,,367,216,3.0,2,,,,,16.0
376,,,,367,217,3.0,2,,,,,17.0
377,,,,368,218,1.0,2,,,,,44.0
378,,,,369,218,1.0,2,,,,,45.0
379,69.42,315.865,12.795,370,219,1.0,2,,,2025-02-10 12:32:30.979242,10.815000000000001,14.0
380,36.84239999999999,367.005,12.09,371,220,1.0,2,,,2025-02-07 11:58:51.537578,9.0975,16.0
381,37.671,345.855,12.252500000000001,372,221,1.0,2,,,2025-02-14 15:27:00.884973,13.120000000000001,5.0
382,,,,374,222,1.0,2,,,,,22.0
383,161.5167785234899,349.8,4.07,375,223,3.0,2,,,2025-02-05 10:38:04.435671,16.16325647036029,21.0
384,,,,375,224,3.0,2,,,,,18.0
385,161.5167785234899,349.8,4.07,376,225,3.0,2,,,2025-02-05 11:12:47.406711,16.16325647036029,22.0
386,,,,376,226,3.0,2,,,,,19.0
387,,,,377,227,1.0,2,,,,,21.0
388,61.32,334.385,12.34,378,76,1.0,2,,,2025-01-23 10:43:16.663574,9.135,11.0
389,28.564200000000003,310.252,16.893,378,77,1.0,2,,,2025-01-23 10:43:58.309319,9.304,12.0
390,90.6,333.305,12.344999999999999,379,78,1.0,2,,,2025-01-23 10:44:48.554984,9.27,13.0
391,43.57428000000001,309.25700000000006,16.813000000000002,379,79,1.0,2,,,2025-01-23 10:45:19.336086,9.533999999999999,14.0
392,92.28,334.0,12.36,380,228,1.0,2,,,2025-01-23 10:45:53.145866,9.280000000000001,15.0
393,44.18076000000001,309.475,16.89,380,229,1.0,2,,,2025-01-23 10:46:29.148526,9.557,16.0
394,108.18120805369126,388.53,4.344500000000001,381,230,5.0,2,,,2025-01-14 08:52:11.706504,16.542681811679632,12.0
395,,,,381,231,5.0,2,,,,,4.0
396,96.92053691275167,388.43,4.129545454545455,382,230,5.0,2,,,2025-01-14 08:54:48.617146,16.744264889000313,9.0
397,,,,382,231,5.0,2,,,,,5.0
398,91.82013422818791,387.53,4.050714285714285,383,230,5.0,2,,,2025-01-14 09:28:00.663496,16.129938970489864,10.0
399,,,,383,231,5.0,2,,,,,6.0
400,125.57315436241609,388.01,4.2780000000000005,384,230,5.0,2,,,2025-01-14 09:28:37.693567,16.14624124179656,12.0
401,,,,384,231,5.0,2,,,,,7.0
402,126.18926174496644,362.07,3.3800000000000003,385,232,4.0,2,,,2025-02-06 07:47:11.033608,16.645082514968696,2.0
403,,,,385,233,4.0,2,,,,,2.0
404,120.91006711409395,364.79,3.61,386,232,4.0,2,,,2025-02-06 07:48:33.511608,16.69490258797903,4.0
405,,,,386,233,4.0,2,,,,,3.0
406,100.11543624161074,361.63,3.563888888888889,387,232,4.0,2,,,2025-02-06 07:49:16.993891,16.729473723852735,6.0
407,,,,387,233,4.0,2,,,,,4.0
408,105.39865771812082,361.99,3.38,388,232,4.0,2,,,2025-02-06 07:49:54.036119,16.86647573683552,8.0
409,,,,388,233,4.0,2,,,,,5.0
410,53.9748,310.76,14.6675,373,26,1.0,2,,,2025-02-06 08:55:43.492181,10.2925,24.0
414,,,,392,234,1.0,2,,,,,24.0
415,,,,393,234,1.0,2,,,,,25.0
416,,,,394,234,1.0,2,,,,,27.0
417,,,,395,235,1.0,2,,,,,3.0
418,63.36,360.2,12.535,396,236,1.0,2,,,2025-02-10 10:47:30.474096,9.274999999999999,19.0
419,,,,398,239,3.0,2,,,,,20.0
420,,,,398,240,3.0,2,,,,,21.0
421,,,,399,239,3.0,2,,,,,22.0
422,,,,399,240,3.0,2,,,,,23.0
423,89.94,334.135,12.41,397,237,1.0,2,,,2025-01-27 14:17:13.115503,9.252500000000001,9.0
424,43.232879999999994,310.039,16.864,397,238,1.0,2,,,2025-01-27 14:17:50.090885,9.51,10.0
425,,,,400,239,3.0,2,,,,,24.0
426,,,,400,240,3.0,2,,,,,25.0
427,,,,401,239,3.0,2,,,,,26.0
428,,,,401,240,3.0,2,,,,,27.0
429,,,,402,239,3.0,2,,,,,28.0
430,,,,402,240,3.0,2,,,,,29.0
431,,,,403,241,4.0,2,,,,,7.0
432,,,,403,242,4.0,2,,,,,8.0
433,,,,404,241,4.0,2,,,,,9.0
434,,,,404,242,4.0,2,,,,,10.0
435,,,,405,241,4.0,2,,,,,11.0
436,,,,405,242,4.0,2,,,,,12.0
437,,,,406,241,4.0,2,,,,,13.0
438,,,,406,242,4.0,2,,,,,14.0
439,,,,407,241,4.0,2,,,,,15.0
440,,,,407,242,4.0,2,,,,,16.0
441,,,,408,243,3.0,2,,,,,30.0
442,,,,408,244,3.0,2,,,,,31.0
443,,,,409,246,4.0,2,,,,,17.0
444,,,,409,247,4.0,2,,,,,18.0
445,141.08456375838927,342.29,13.70725,410,248,1.0,2,,,2025-02-18 11:41:26.585535,8.169966694708027,9.0
446,,,,411,214,3.0,2,,,,,32.0
447,,,,411,215,3.0,2,,,,,33.0
448,,,,413,249,4.0,2,,,,,19.0
449,,,,413,250,4.0,2,,,,,20.0
450,,,,414,251,5.0,2,,,,,8.0
451,97.23624161073825,342.76,3.6675,415,251,5.0,2,,,2025-01-30 09:47:48.718293,16.253820076138155,9.0
452,104.72214765100671,343.25,3.6625,416,251,5.0,2,,,2025-01-30 09:48:50.111978,16.172416811330315,10.0
453,,,,417,251,6.0,2,,,,,6.0
454,42.495,296.42,13.675,418,169,1.0,2,,,2025-02-07 15:26:07.150252,14.364999999999998,19.0
455,,,,419,252,1.0,2,,,,,54.0
456,,,,420,9,1.0,2,,,,,29.0
457,,,,421,253,1.0,2,,,,,55.0
458,,,,422,254,3.0,2,,,,,34.0
459,,,,422,255,3.0,2,,,,,35.0
460,,,,423,254,3.0,2,,,,,36.0
461,,,,423,255,3.0,2,,,,,37.0
462,,,,424,254,3.0,2,,,,,38.0
463,,,,424,255,3.0,2,,,,,39.0
464,,,,425,254,3.0,2,,,,,40.0
465,,,,425,255,3.0,2,,,,,41.0
466,,,,426,142,1.0,2,,,,,46.0
467,,,,427,55,1.0,2,,,,,28.0
468,33.9288,302.66499999999996,16.775,428,256,1.0,2,,,2025-02-26 11:27:20.700943,4.3774999999999995,13.0
469,,,,429,58,1.0,2,,,,,23.0
470,,,,430,257,1.0,2,,,,,30.0
471,,,,431,257,1.0,2,,,,,31.0
472,,,,432,258,1.0,2,,,,,47.0
473,,,,433,258,1.0,2,,,,,48.0
474,,,,434,258,1.0,2,,,,,49.0
475,,,,435,259,1.0,2,,,,,10.0
476,,,,436,260,4.0,2,,,,,21.0
477,,,,436,261,4.0,2,,,,,22.0
478,,,,437,260,4.0,2,,,,,23.0
479,,,,437,261,4.0,2,,,,,24.0
480,,,,438,260,4.0,2,,,,,25.0
481,,,,438,261,4.0,2,,,,,26.0
482,,,,439,260,4.0,2,,,,,27.0
483,,,,439,261,4.0,2,,,,,28.0
486,,,,441,262,1.0,2,,,,,18.0
487,,,,442,262,1.0,2,,,,,19.0
488,,,,443,262,1.0,2,,,,,20.0
489,,,,444,263,5.0,2,,,,,9.0
490,,,,445,263,5.0,2,,,,,10.0
491,,,,446,263,5.0,2,,,,,11.0
492,,,,448,263,5.0,2,,,,,12.0
493,,,,449,263,5.0,2,,,,,13.0
494,,,,450,263,5.0,2,,,,,14.0
495,,,,451,264,1.0,2,,,,,56.0
496,,,,451,265,1.0,2,,,,,57.0
499,,,,456,266,1.0,2,,,,,1.0
500,,,,457,266,1.0,2,,,,,2.0
501,,,,458,267,4.0,2,,,,,39.0
502,,,,459,267,4.0,2,,,,,40.0
503,,,,460,268,1.0,2,,,,,7.0
504,,,,463,270,4.0,2,,,,,29.0
505,,,,461,269,4.0,2,,,,,30.0
506,,,,462,269,4.0,2,,,,,31.0
507,,,,464,271,5.0,2,,,,,15.0
508,,,,465,271,5.0,2,,,,,16.0
509,36.84239999999999,367.005,12.09,466,197,1.0,2,,,2025-02-07 11:49:31.689411,9.0975,11.0
510,,,,468,272,1.0,2,,,,,58.0
511,,,,469,273,1.0,2,,,,,59.0
512,,,,469,274,1.0,2,,,,,60.0
513,,,,469,275,1.0,2,,,,,61.0
514,,,,470,273,1.0,2,,,,,62.0
515,,,,470,274,1.0,2,,,,,63.0
516,,,,470,275,1.0,2,,,,,64.0
517,,,,471,276,1.0,2,,,,,65.0
518,,,,471,277,1.0,2,,,,,66.0
519,,,,472,278,1.0,2,,,,,67.0
520,,,,472,279,1.0,2,,,,,68.0
521,,,,473,280,1.0,2,,,,,69.0
522,,,,473,281,1.0,2,,,,,70.0
523,,,,473,282,1.0,2,,,,,71.0
524,,,,474,283,1.0,2,,,,,72.0
525,,,,474,284,1.0,2,,,,,73.0
526,,,,474,285,1.0,2,,,,,74.0
527,,,,474,286,1.0,2,,,,,75.0
528,,,,474,287,1.0,2,,,,,76.0
529,,,,475,288,1.0,2,,,,,77.0
530,,,,475,289,1.0,2,,,,,78.0
531,,,,476,290,1.0,2,,,,,79.0
532,,,,476,291,1.0,2,,,,,80.0
533,,,,476,292,1.0,2,,,,,81.0
534,,,,477,293,1.0,2,,,,,82.0
535,,,,477,294,1.0,2,,,,,83.0
536,,,,478,295,1.0,2,,,,,84.0
537,,,,478,296,1.0,2,,,,,85.0
538,,,,478,297,1.0,2,,,,,86.0
539,,,,479,298,4.0,2,,,,,32.0
540,,,,479,299,4.0,2,,,,,33.0
541,,,,480,300,1.0,2,,,,,87.0
542,,,,480,301,1.0,2,,,,,88.0
543,,,,481,302,1.0,2,,,,,89.0
544,,,,481,303,1.0,2,,,,,90.0
545,,,,481,304,1.0,2,,,,,91.0
546,,,,482,302,1.0,2,,,,,92.0
547,,,,482,303,1.0,2,,,,,93.0
548,,,,482,304,1.0,2,,,,,94.0
549,,,,483,305,1.0,2,,,,,95.0
550,,,,483,306,1.0,2,,,,,96.0
551,,,,483,307,1.0,2,,,,,97.0
552,,,,484,309,1.0,2,,,,,98.0
553,,,,484,310,1.0,2,,,,,99.0
554,,,,484,311,1.0,2,,,,,100.0
555,,,,467,308,4.0,2,,,,,34.0
556,,,,467,312,4.0,2,,,,,35.0
557,,,,485,313,1.0,2,,,,,101.0
558,,,,485,314,1.0,2,,,,,102.0
559,,,,487,315,1.0,2,,,,,32.0
560,,,,488,315,1.0,2,,,,,11.0
561,,,,486,316,4.0,2,,,,,36.0
562,,,,486,317,4.0,2,,,,,37.0
563,,,,489,246,5.0,2,,,,,17.0
564,,,,489,247,5.0,2,,,,,18.0
565,,,,490,318,1.0,2,,,,,103.0
566,,,,490,319,1.0,2,,,,,104.0
567,,,,490,320,1.0,2,,,,,105.0
568,,,,491,318,1.0,2,,,,,106.0
569,,,,491,319,1.0,2,,,,,107.0
570,,,,491,320,1.0,2,,,,,108.0
571,,,,492,321,1.0,2,,,,,109.0
572,,,,492,322,1.0,2,,,,,110.0
573,,,,493,323,1.0,2,,,,,111.0
574,,,,494,324,1.0,2,,,,,112.0
575,,,,494,325,1.0,2,,,,,113.0
576,,,,495,326,5.0,2,,,,,19.0
577,,,,495,327,5.0,2,,,,,20.0
578,,,,496,328,1.0,2,,,,,114.0
579,,,,496,329,1.0,2,,,,,115.0
580,,,,497,330,1.0,2,,,,,116.0
581,,,,497,331,1.0,2,,,,,117.0
582,,,,493,332,1.0,2,,,,,118.0
583,,,,498,333,1.0,2,,,,,9.0
584,,,,499,334,1.0,2,,,,,8.0
585,,,,500,335,1.0,2,,,,,119.0
586,,,,500,337,1.0,2,,,,,120.0
587,,,,500,338,1.0,2,,,,,121.0
588,,,,501,339,1.0,2,,,,,122.0
589,,,,501,340,1.0,2,,,,,123.0
590,,,,501,341,1.0,2,,,,,124.0
591,,,,502,342,1.0,2,,,,,125.0
592,,,,502,343,1.0,2,,,,,126.0
593,,,,503,344,1.0,2,,,,,127.0
594,,,,503,345,1.0,2,,,,,128.0
595,,,,504,346,1.0,2,,,,,129.0
596,,,,504,347,1.0,2,,,,,130.0
597,,,,505,348,1.0,2,,,,,131.0
598,,,,505,349,1.0,2,,,,,132.0
599,,,,506,350,1.0,2,,,,,133.0
600,,,,506,351,1.0,2,,,,,134.0
601,,,,507,352,1.0,2,,,,,135.0
602,,,,507,353,1.0,2,,,,,136.0
603,,,,508,354,1.0,2,,,,,137.0
604,,,,508,355,1.0,2,,,,,138.0
605,,,,509,356,1.0,2,,,,,139.0
606,,,,509,357,1.0,2,,,,,140.0
607,,,,510,358,1.0,2,,,,,141.0
608,,,,510,359,1.0,2,,,,,142.0
609,,,,510,360,1.0,2,,,,,143.0
610,,,,511,361,1.0,2,,,,,144.0
611,,,,511,362,1.0,2,,,,,145.0
612,,,,512,363,1.0,2,,,,,146.0
613,,,,512,364,1.0,2,,,,,147.0
614,,,,513,365,1.0,2,,,,,148.0
615,,,,513,366,1.0,2,,,,,149.0
616,,,,514,367,1.0,2,,,,,150.0
617,,,,514,368,1.0,2,,,,,151.0
618,,,,515,369,1.0,2,,,,,33.0
619,,,,516,369,1.0,2,,,,,34.0
620,,,,517,370,4.0,2,,,,,38.0
621,,,,517,371,4.0,2,,,,,41.0
622,,,,518,370,4.0,2,,,,,42.0
623,,,,518,371,4.0,2,,,,,43.0
624,,,,519,370,4.0,2,,,,,44.0
625,,,,520,370,4.0,2,,,,,45.0
626,,,,520,371,4.0,2,,,,,46.0
627,,,,521,370,4.0,2,,,,,47.0
628,,,,521,371,4.0,2,,,,,48.0
629,,,,519,371,4.0,2,,,,,49.0
630,,,,522,370,4.0,2,,,,,50.0
631,,,,522,371,4.0,2,,,,,51.0
632,,,,523,372,,2,,,,,
633,,,,523,372,,2,,,,,
634,,,,524,373,1.0,2,,,,,35.0
635,,,,525,373,1.0,2,,,,,36.0
636,,,,526,374,4.0,2,,,,,52.0
637,,,,526,375,4.0,2,,,,,53.0
638,,,,527,308,4.0,2,,,,,54.0
639,,,,527,312,4.0,2,,,,,55.0
640,,,,528,376,1.0,2,,,,,152.0
641,,,,528,377,1.0,2,,,,,153.0
642,,,,529,378,1.0,2,,,,,154.0
643,,,,529,379,1.0,2,,,,,155.0
644,,,,529,380,1.0,2,,,,,156.0
645,,,,530,381,1.0,2,,,,,157.0
646,,,,530,382,1.0,2,,,,,158.0
647,,,,530,383,1.0,2,,,,,159.0
648,,,,530,384,1.0,2,,,,,160.0
649,,,,531,385,1.0,2,,,,,161.0
650,,,,531,386,1.0,2,,,,,162.0
651,,,,532,387,1.0,2,,,,,163.0
652,,,,532,388,1.0,2,,,,,164.0
653,,,,533,389,1.0,2,,,,,165.0
654,,,,533,390,1.0,2,,,,,166.0
655,,,,534,391,1.0,2,,,,,167.0
656,,,,534,392,1.0,2,,,,,168.0
657,,,,535,393,1.0,2,,,,,169.0
658,,,,535,394,1.0,2,,,,,170.0
659,,,,535,395,1.0,2,,,,,171.0
660,,,,535,396,1.0,2,,,,,172.0
661,,,,536,397,1.0,2,,,,,173.0
662,,,,536,398,1.0,2,,,,,174.0
663,,,,536,399,1.0,2,,,,,175.0
664,,,,537,400,1.0,2,,,,,176.0
665,,,,537,401,1.0,2,,,,,177.0
666,,,,538,402,1.0,2,,,,,178.0
667,,,,538,403,1.0,2,,,,,179.0
668,,,,538,404,1.0,2,,,,,180.0
669,,,,538,405,1.0,2,,,,,181.0
670,,,,539,406,1.0,2,,,,,182.0
671,,,,539,407,1.0,2,,,,,183.0
672,,,,539,408,1.0,2,,,,,184.0
673,,,,539,409,1.0,2,,,,,185.0
674,,,,540,410,3.0,2,,,,,42.0
675,,,,540,411,2.0,2,,,,,24.0
676,,,,541,412,1.0,2,,,,,186.0
677,,,,541,413,1.0,2,,,,,187.0
678,,,,542,414,1.0,2,,,,,188.0
679,,,,542,415,1.0,2,,,,,189.0
680,,,,543,416,1.0,2,,,,,190.0
681,,,,543,417,1.0,2,,,,,191.0
682,,,,544,418,1.0,2,,,,,192.0
683,,,,544,419,1.0,2,,,,,193.0
684,,,,545,420,1.0,2,,,,,194.0
685,,,,545,421,1.0,2,,,,,195.0
686,,,,546,422,4.0,2,,,,,56.0
687,,,,546,423,4.0,2,,,,,57.0
688,,,,547,424,1.0,2,,,,,196.0
689,,,,547,425,1.0,2,,,,,197.0
690,,,,548,426,1.0,2,,,,,198.0
691,,,,548,427,1.0,2,,,,,199.0
692,,,,549,428,5.0,2,,,,,21.0
693,,,,550,429,5.0,2,,,,,22.0
694,,,,550,431,5.0,2,,,,,23.0
695,,,,551,429,5.0,2,,,,,24.0
696,,,,551,431,5.0,2,,,,,25.0
697,,,,552,429,5.0,2,,,,,26.0
698,,,,552,431,5.0,2,,,,,27.0
699,,,,553,432,4.0,2,,,,,58.0
700,,,,553,434,4.0,2,,,,,59.0
701,,,,554,432,4.0,2,,,,,60.0
702,,,,554,434,4.0,2,,,,,61.0
703,,,,555,435,5.0,2,,,,,28.0
704,,,,555,436,5.0,2,,,,,29.0
705,,,,555,437,5.0,2,,,,,30.0
706,,,,556,438,4.0,2,,,,,62.0
707,,,,556,439,4.0,2,,,,,63.0
708,,,,557,440,4.0,2,,,,,64.0
709,,,,557,441,4.0,2,,,,,65.0
710,156.93825503355706,377.49,3.282142857142857,558,442,5.0,2,,,2025-02-10 10:40:25.308044,16.998857862076882,31.0
711,,,,558,443,5.0,2,,,,,31.0
712,,,,558,444,5.0,2,,,,,32.0
713,156.9503355704698,376.97,3.3358333333333334,559,442,5.0,2,,,2025-02-10 10:42:14.514847,17.072374373433764,34.0
714,,,,559,444,5.0,2,,,,,33.0
715,,,,560,445,4.0,2,,,,,66.0
716,,,,560,446,4.0,2,,,,,67.0
717,,,,560,447,4.0,2,,,,,68.0
718,,,,561,445,4.0,2,,,,,69.0
719,,,,561,447,4.0,2,,,,,70.0
720,,,,562,445,4.0,2,,,,,71.0
721,,,,562,447,4.0,2,,,,,72.0
722,,,,563,445,4.0,2,,,,,73.0
723,,,,563,446,4.0,2,,,,,74.0
724,,,,563,447,4.0,2,,,,,75.0
725,,,,564,445,4.0,2,,,,,76.0
726,,,,564,447,4.0,2,,,,,77.0
727,,,,565,445,4.0,2,,,,,78.0
728,,,,565,447,4.0,2,,,,,79.0
729,,,,566,445,4.0,2,,,,,80.0
730,,,,566,446,4.0,2,,,,,81.0
731,,,,566,447,4.0,2,,,,,82.0
732,,,,567,448,5.0,2,,,,,34.0
733,,,,567,449,5.0,2,,,,,35.0
734,,,,567,450,5.0,2,,,,,36.0
735,,,,568,451,3.0,2,,,,,43.0
736,,,,568,452,3.0,2,,,,,44.0
737,,,,569,453,3.0,2,,,,,45.0
738,,,,569,454,3.0,2,,,,,46.0
739,,,,570,455,4.0,2,,,,,83.0
740,,,,570,456,4.0,2,,,,,84.0
741,,,,570,457,4.0,2,,,,,85.0
742,,,,571,455,4.0,2,,,,,86.0
743,,,,571,457,4.0,2,,,,,87.0
744,,,,572,458,5.0,2,,,,,37.0
745,,,,572,459,5.0,2,,,,,38.0
746,,,,572,460,5.0,2,,,,,39.0
747,,,,573,458,5.0,2,,,,,40.0
748,,,,573,460,5.0,2,,,,,41.0
749,,,,574,461,4.0,2,,,,,88.0
750,,,,574,462,4.0,2,,,,,89.0
751,,,,574,463,4.0,2,,,,,90.0
752,,,,575,461,4.0,2,,,,,91.0
753,,,,575,463,4.0,2,,,,,92.0
754,,,,576,461,4.0,2,,,,,93.0
755,,,,576,463,4.0,2,,,,,94.0
756,,,,577,464,5.0,2,,,,,42.0
757,,,,577,465,5.0,2,,,,,43.0
758,,,,577,466,5.0,2,,,,,44.0
759,,,,578,467,3.0,2,,,,,47.0
760,,,,578,468,3.0,2,,,,,48.0
761,,,,579,469,1.0,2,,,,,5.0
762,,,,580,469,1.0,2,,,,,4.0
763,,,,581,469,1.0,2,,,,,6.0
764,,,,582,470,1.0,2,,,,,200.0
765,85.74,445.72,15.635,583,264,1.0,2,,,2025-02-11 15:42:25.849185,5.9025,200.0
766,85.8,445.235,15.629999999999999,583,265,1.0,2,,,2025-02-11 15:42:26.807636,5.8475,199.0
767,,,,584,471,1.0,2,,,,,12.0
768,,,,585,237,1.0,2,,,,,201.0
769,,,,585,238,1.0,2,,,,,17.0
770,,,,586,472,1.0,2,,,,,202.0
771,,,,587,432,3.0,2,,,,,49.0
772,,,,587,433,3.0,2,,,,,50.0
773,,,,587,434,3.0,2,,,,,51.0
774,,,,588,473,3.0,2,,,,,52.0
775,,,,588,474,3.0,2,,,,,53.0
776,,,,589,473,3.0,2,,,,,54.0
777,,,,589,474,3.0,2,,,,,55.0
778,,,,590,473,3.0,2,,,,,56.0
779,,,,590,474,3.0,2,,,,,57.0
780,,,,591,473,3.0,2,,,,,58.0
781,,,,591,474,3.0,2,,,,,59.0
782,,,,592,473,3.0,2,,,,,60.0
783,,,,592,474,3.0,2,,,,,61.0
784,,,,593,473,3.0,2,,,,,62.0
785,,,,593,474,3.0,2,,,,,63.0
786,,,,594,473,3.0,2,,,,,64.0
787,,,,594,474,3.0,2,,,,,65.0
788,,,,595,473,3.0,2,,,,,66.0
789,,,,595,474,3.0,2,,,,,67.0
790,,,,596,475,5.0,2,,,,,45.0
791,,,,596,476,5.0,2,,,,,46.0
792,,,,597,475,5.0,2,,,,,47.0
793,,,,597,476,5.0,2,,,,,48.0
796,37.2276,342.29999999999995,12.38,598,477,1.0,2,,,2025-02-11 09:19:35.742340,9.025,206.0
797,,,,600,249,5.0,2,,,,,49.0
798,,,,600,250,5.0,2,,,,,50.0
799,,,,601,478,5.0,2,,,,,51.0
800,,,,601,479,5.0,2,,,,,52.0
801,,,,602,478,5.0,2,,,,,53.0
802,,,,602,479,5.0,2,,,,,54.0
803,,,,603,142,1.0,2,,,,,203.0
804,,,,604,316,5.0,2,,,,,55.0
805,,,,604,317,5.0,2,,,,,56.0
806,,,,605,480,5.0,2,,,,,57.0
807,,,,605,481,5.0,2,,,,,58.0
808,,,,606,482,5.0,2,,,,,59.0
809,,,,606,483,5.0,2,,,,,60.0
810,,,,607,484,1.0,2,,,,,204.0
811,,,,607,485,1.0,2,,,,,205.0
812,,,,607,486,1.0,2,,,,,206.0
813,,,,608,484,1.0,2,,,,,207.0
814,,,,608,486,1.0,2,,,,,208.0
815,,,,609,487,1.0,2,,,,,13.0
816,,,,610,487,1.0,2,,,,,14.0
817,,,,611,482,4.0,2,,,,,95.0
818,,,,611,483,4.0,2,,,,,96.0
819,,,,612,249,4.0,2,,,,,97.0
820,,,,612,250,4.0,2,,,,,98.0
821,,,,613,120,1.0,2,,,,,15.0
822,,,,614,120,1.0,2,,,,,16.0
823,,,,615,488,1.0,2,,,,,209.0
824,,,,616,489,1.0,2,,,,,210.0
825,,,,616,490,1.0,2,,,,,211.0
826,,,,616,491,1.0,2,,,,,212.0
827,,,,617,492,1.0,2,,,,,213.0
828,,,,617,493,1.0,2,,,,,214.0
829,,,,617,494,1.0,2,,,,,215.0
830,,,,618,495,1.0,2,,,,,216.0
831,,,,618,496,1.0,2,,,,,217.0
832,,,,618,497,1.0,2,,,,,218.0
833,,,,618,498,1.0,2,,,,,219.0
834,,,,619,499,1.0,2,,,,,220.0
835,,,,619,500,1.0,2,,,,,221.0
836,,,,620,501,1.0,2,,,,,222.0
837,,,,620,502,1.0,2,,,,,223.0
838,,,,621,503,1.0,2,,,,,224.0
839,,,,621,504,1.0,2,,,,,225.0
840,,,,621,505,1.0,2,,,,,226.0
841,,,,622,506,1.0,2,,,,,227.0
842,,,,622,507,1.0,2,,,,,228.0
843,,,,622,508,1.0,2,,,,,229.0
844,,,,623,509,1.0,2,,,,,230.0
845,,,,623,510,1.0,2,,,,,231.0
846,,,,624,511,1.0,2,,,,,232.0
847,,,,625,512,6.0,3,,,,,
848,,,,625,513,7.0,3,,,,,
849,,,,626,514,1.0,2,,,,,233.0
850,,,,626,515,1.0,2,,,,,234.0
851,,,,626,516,1.0,2,,,,,235.0
852,,,,627,517,1.0,2,,,,,236.0
853,,,,627,518,1.0,2,,,,,237.0
854,,,,627,519,1.0,2,,,,,238.0
855,,,,628,520,1.0,2,,,,,239.0
856,,,,628,521,1.0,2,,,,,240.0
857,,,,629,522,1.0,2,,,,,241.0
858,,,,629,523,1.0,2,,,,,242.0
859,,,,629,524,1.0,2,,,,,243.0
860,,,,630,525,1.0,2,,,,,244.0
861,,,,630,526,1.0,2,,,,,245.0
862,,,,631,527,3.0,2,,,,,68.0
863,,,,631,528,3.0,2,,,,,69.0
864,,,,631,529,3.0,2,,,,,70.0
865,,,,632,527,3.0,2,,,,,71.0
866,,,,632,529,3.0,2,,,,,72.0
867,,,,633,530,3.0,2,,,,,73.0
868,,,,633,531,3.0,2,,,,,74.0
869,,,,633,532,3.0,2,,,,,75.0
870,,,,634,530,3.0,2,,,,,76.0
871,,,,634,532,3.0,2,,,,,77.0
872,,,,635,530,3.0,2,,,,,78.0
873,,,,635,532,3.0,2,,,,,79.0
874,,,,637,262,1.0,2,,,,,246.0
875,,,,636,533,1.0,2,,,,,247.0
876,,,,636,534,1.0,2,,,,,248.0
877,,,,636,535,1.0,2,,,,,249.0
878,,,,638,536,1.0,2,,,,,250.0
879,,,,638,537,1.0,2,,,,,251.0
880,,,,639,538,5.0,2,,,,,61.0
881,,,,639,539,5.0,2,,,,,62.0
882,,,,639,540,5.0,2,,,,,63.0
883,,,,640,538,5.0,2,,,,,64.0
884,,,,640,540,5.0,2,,,,,65.0
885,,,,641,538,5.0,2,,,,,66.0
886,,,,641,540,5.0,2,,,,,67.0
887,,,,642,429,3.0,2,,,,,80.0
888,,,,642,430,3.0,2,,,,,81.0
889,,,,642,431,3.0,2,,,,,82.0
890,,,,643,429,3.0,2,,,,,83.0
891,,,,643,430,3.0,2,,,,,84.0
892,,,,643,431,3.0,2,,,,,85.0
893,,,,644,541,5.0,2,,,,,68.0
894,,,,644,542,5.0,2,,,,,69.0
895,,,,644,543,5.0,2,,,,,70.0
896,,,,645,541,5.0,2,,,,,71.0
897,,,,645,543,5.0,2,,,,,72.0
898,,,,646,541,5.0,2,,,,,73.0
899,,,,646,543,5.0,2,,,,,74.0
900,,,,647,541,5.0,2,,,,,75.0
901,,,,647,542,5.0,2,,,,,76.0
902,,,,647,543,5.0,2,,,,,77.0
903,,,,648,544,5.0,2,,,,,78.0
904,,,,648,545,5.0,2,,,,,79.0
905,,,,648,546,5.0,2,,,,,80.0
906,,,,649,544,5.0,2,,,,,81.0
907,,,,649,546,5.0,2,,,,,82.0
908,,,,650,544,5.0,2,,,,,83.0
909,,,,650,546,5.0,2,,,,,84.0
910,,,,651,544,5.0,2,,,,,85.0
911,,,,651,545,5.0,2,,,,,86.0
912,,,,651,546,5.0,2,,,,,87.0
913,,,,652,544,5.0,2,,,,,88.0
914,,,,652,546,5.0,2,,,,,89.0
915,,,,653,300,1.0,2,,,,,252.0
916,,,,653,301,1.0,2,,,,,253.0
917,,,,654,300,1.0,2,,,,,254.0
918,,,,654,301,1.0,2,,,,,255.0
919,,,,655,482,5.0,2,,,,,90.0
920,,,,655,483,5.0,2,,,,,91.0
921,,,,656,482,5.0,2,,,,,92.0
922,,,,656,483,5.0,2,,,,,93.0
923,,,,657,547,1.0,2,,,,,256.0
924,,,,658,548,,2,,,,,
