id,time_created,sequence
1,2023-02-24 15:02:20.525449,1
2,2023-02-24 15:04:48.927785,2
3,2023-02-24 15:05:57.870164,3
4,2024-06-14 15:39:49.652713,1
5,2024-06-14 15:42:22.960172,2
6,2024-06-17 12:13:12.086734,3
7,2024-06-17 12:15:55.081179,4
8,2024-06-17 17:33:35.038383,5
9,2024-06-17 17:35:39.584514,6
10,2024-06-20 11:55:12.988769,7
11,2024-06-20 15:25:22.855375,8
12,2024-09-30 11:01:06.713940,9
13,2024-10-31 13:02:00.443013,10
14,2024-11-21 14:00:53.178777,11
15,2024-11-21 14:05:07.719770,12
16,2024-11-21 14:12:27.128480,13
17,2024-11-21 14:16:59.366739,14
18,2024-11-21 14:20:57.172315,15
19,2024-11-21 14:25:30.134953,16
20,2024-11-25 12:46:47.877088,17
21,2024-11-25 12:51:16.324904,18
22,2024-11-25 12:54:27.449582,19
23,2024-11-25 12:57:41.703630,20
24,2024-11-25 13:01:25.063155,21
25,2024-11-25 13:05:01.828687,22
26,2024-11-25 13:09:37.418338,23
27,2024-11-25 13:12:16.456287,24
28,2024-11-25 13:24:38.841404,25
29,2024-11-25 13:30:42.117560,26
30,2024-11-25 13:37:48.237309,27
31,2024-11-25 13:40:34.605195,28
32,2024-11-25 13:43:23.573098,29
33,2024-11-25 13:45:18.565257,30
34,2024-11-25 13:51:06.690433,31
35,2024-11-25 13:52:58.744223,32
36,2024-11-25 14:28:19.637371,33
37,2024-11-25 14:30:30.147378,34
38,2024-11-25 14:33:17.512037,35
39,2024-11-25 14:45:33.595162,36
40,2024-11-25 14:49:04.678125,37
41,2024-11-25 14:51:36.746685,38
42,2024-11-25 14:53:32.480434,39
43,2024-11-25 14:55:20.104817,40
44,2024-11-25 15:05:30.507417,41
45,2024-11-25 15:08:24.370251,42
46,2024-11-25 15:10:19.768639,43
47,2024-11-25 15:12:54.554941,44
48,2024-11-25 15:15:07.271098,45
49,2024-11-25 15:18:31.623130,46
50,2024-11-25 15:21:13.879208,47
51,2024-11-25 15:27:31.254209,48
52,2025-01-13 13:11:01.506588,1
53,2025-01-13 13:11:46.641446,2
54,2025-01-14 09:28:54.877396,3
55,2025-01-14 09:42:49.408526,4
56,2025-01-14 11:20:46.917001,5
57,2025-01-14 11:29:39.058746,6
58,2025-01-14 11:53:41.535428,7
59,2025-01-14 14:57:09.541205,8
60,2025-01-14 15:07:19.683044,9
61,2025-01-14 15:07:42.218062,10
62,2025-01-14 15:07:54.741020,11
63,2025-01-14 15:12:15.969171,12
64,2025-01-14 16:08:18.189956,13
65,2025-01-14 16:16:11.511893,14
66,2025-01-15 11:17:15.823261,15
67,2025-01-15 11:20:50.891095,16
68,2025-01-15 11:25:27.279306,17
69,2025-01-15 11:28:36.298089,18
70,2025-01-15 11:35:59.412842,19
71,2025-01-15 11:47:59.087071,20
72,2025-01-21 12:45:09.074246,21
73,2025-01-21 12:56:27.881548,22
74,2025-01-21 12:57:38.356529,23
75,2025-01-21 14:29:06.511625,24
76,2025-01-21 14:35:34.078860,25
77,2025-01-21 14:41:43.411611,26
78,2025-01-21 14:44:25.398820,27
79,2025-01-21 14:49:02.671620,28
80,2025-01-21 15:32:29.081811,29
81,2025-01-22 09:50:34.671351,30
82,2025-01-22 09:50:50.783981,31
83,2025-01-22 09:57:12.258993,32
84,2025-01-22 09:57:24.805317,33
85,2025-01-22 10:22:59.662370,34
86,2025-01-22 10:26:26.222433,35
87,2025-01-22 10:29:31.167103,36
88,2025-01-22 12:19:27.556676,37
89,2025-01-22 12:21:59.500398,38
90,2025-01-22 12:24:32.107991,39
91,2025-01-22 12:27:17.555532,40
92,2025-01-22 12:30:44.500045,41
93,2025-01-22 12:33:50.753902,42
94,2025-01-22 16:01:12.767558,43
95,2025-01-22 16:27:36.572878,44
96,2025-01-22 16:31:14.567560,45
97,2025-01-23 09:50:02.901895,46
98,2025-01-23 09:50:28.279410,47
99,2025-01-23 09:54:24.518704,48
100,2025-01-23 09:54:36.337525,49
101,2025-01-23 09:54:45.416033,50
102,2025-01-23 09:54:58.243589,51
103,2025-01-23 09:55:07.822990,52
104,2025-01-23 09:55:24.461252,53
105,2025-01-23 09:55:33.507296,54
106,2025-01-23 10:01:45.818066,55
