id,number,job_number,pcn,date_entered,sample_type_id,facility_id,unit_id
1,AS23-00001,,,2023-02-24,1,1196.0,2785.0
2,AS23-00002,,,2023-02-24,2,1196.0,2785.0
3,AS23-00003,,,2023-02-24,2,1196.0,2785.0
4,5L401-L1-23-0613,,,2023-06-13,3,272.0,3099.0
5,5L401-L2-23-0613,,,2023-06-13,3,272.0,3099.0
6,5L401-L3-23-0613,,,2023-06-13,3,272.0,3099.0
7,5L401-L4-23-0613,,,2023-06-13,3,272.0,3099.0
8,5L401-L5-23-0613,,,2023-06-13,3,272.0,3099.0
9,2864-0101-0038,,,2023-06-20,1,592.0,
10,2864-0101-0011,,,2023-06-20,1,592.0,
11,2864-0101-0021,,,2023-06-20,1,592.0,
12,CARL-9-23-0619,,,2023-06-20,1,592.0,
13,CARL-10-23-0619,,,2023-06-20,1,592.0,
14,2311-1070-0609,,,2023-06-20,1,1484.0,
15,2311-1070-0612,,,2023-06-20,1,1484.0,
16,2265-1275-0331,,,2023-06-27,1,1665.0,14.0
17,2286-1275-0325,,,2023-06-27,1,1665.0,14.0
18,2197-1319-0397,,,2023-06-27,1,1665.0,14.0
19,2266-1275-0279,,,2023-06-27,1,1665.0,14.0
20,4288-0101-0470,,,2023-07-19,1,887.0,2684.0
21,GORE-11-23-0719,,,2023-07-19,3,1673.0,3904.0
22,GORE-12-23-0719,,,2023-07-19,3,1673.0,3904.0
23,GORE-13-23-0719,,,2023-07-19,3,1673.0,3904.0
24,TORR-4-23-0727,,,2023-07-27,1,873.0,2689.0
25,TORR-8-23-0727,,,2023-07-27,1,873.0,2689.0
26,BEAU-23-0727,,,2023-07-27,1,319.0,2049.0
27,2711-1209-0599,,,2023-07-27,1,389.0,540.0
28,0116-1905-0735,,,2023-08-01,1,1179.0,2792.0
29,2751-0201-0872,,,2023-08-02,1,433.0,
30,2751-0201-0854,,,2023-08-02,1,433.0,
31,1402-0068,,,2023-08-02,1,433.0,
32,MITS-2-2-23-0802,,,2023-08-02,1,433.0,
33,2862-0104-2218,,,2023-08-07,1,559.0,734.0
34,2862-0104-2207,,,2023-08-07,1,559.0,734.0
35,HARR-1B-23-0807,,,2023-08-07,1,559.0,734.0
36,9270-156,,,2023-08-07,1,559.0,734.0
37,SRIR-23-0807,,,2023-08-07,1,1539.0,
38,2333-1244-1130,,,2023-08-09,1,867.0,
39,0520-3341-3427,,,2023-08-11,1,1052.0,2523.0
40,2808-0101-0473,,,2023-08-22,1,510.0,3337.0
41,LAWR-3-23-0828,,,2023-08-28,3,1448.0,3350.0
42,0121-2417-3075,,,2023-09-13,1,1052.0,2522.0
43,4345-0101-0981,,,2023-09-13,1,887.0,2286.0
44,2076-1271-0093,,,2023-09-13,1,1665.0,13.0
45,2076-1271-0144,,,2023-09-13,1,1665.0,13.0
46,2706-2042-1456,,,2023-09-20,1,333.0,292.0
47,SANT-6-23-0926,,,2023-09-26,1,444.0,525.0
48,4842-0101-0548,,,2023-09-28,1,272.0,5280.0
49,COVE-7A-23-0928,,,2023-09-28,1,272.0,5280.0
50,COVE-A-1-23-0928,,,2023-09-28,3,272.0,5280.0
51,COVE-A-2-23-0928,,,2023-09-28,3,272.0,5280.0
52,COVE-CO-7B-23-0928,,,2023-09-28,2,272.0,5280.0
53,BEAU-23-0928,,,2023-09-29,1,319.0,272.0
54,2514-1339-0748,,,2023-09-29,1,226.0,2954.0
55,2514-1339-0762,,,2023-09-29,1,226.0,2954.0
56,0815-1324-0555,,,2023-10-13,1,1418.0,3248.0
57,2364-1300-0663,,,2023-10-13,1,1788.0,5145.0
58,2364-1300-0645,,,2023-10-13,1,1788.0,5145.0
59,CHER-5-23-1016,,,2023-10-16,1,307.0,243.0
60,4848-0101-0040,,,2023-10-16,1,1675.0,3911.0
61,2618-1011-0459,,,2023-10-17,1,1788.0,5145.0
62,SHIN-1-23-1017,,,2023-10-17,1,431.0,777.0
63,4884-0101-0431,,,2023-10-17,1,431.0,777.0
64,SHIN-D-23-1017,,,2023-10-17,1,431.0,777.0
65,1019-1378-0506,,,2023-10-20,1,219.0,2087.0
66,0221-1040-1461,,,2023-10-23,1,1638.0,3822.0
67,0514-1341-1686,,,2023-10-23,1,1052.0,2524.0
68,2581-1254-1039,,,2023-10-24,1,648.0,2442.0
69,2581-1254-1078,,,2023-10-24,1,648.0,2442.0
70,BETH-CO-U1-23-1024,,,2023-10-24,2,648.0,2442.0
71,2855-0101-00,,,2023-10-27,1,558.0,731.0
72,4068-90-4895,,,2023-10-27,1,716.0,3159.0
73,4068-90-4899,,,2023-10-27,1,716.0,3159.0
74,BETH-CO-U2-23-1024,230409,,2023-10-30,2,,
75,4282-0101-4400,,,2023-11-06,1,1142.0,2682.0
76,4282-0101-4382,,,2023-11-06,1,1142.0,2682.0
77,2181-1338-5091,,,2023-11-06,1,1300.0,3002.0
78,2181-4066-1562,,,2023-11-06,1,1300.0,3002.0
79,WILL-A2-23-1106,,,2023-11-06,1,363.0,344.0
80,WILL-B2-23-1106,,,2023-11-06,1,363.0,344.0
81,WILL-B1-23-1106,,,2023-11-06,1,363.0,344.0
82,WILL-A1-23-1106,,,2023-11-06,1,363.0,344.0
83,0312-1445-0071,,,2023-11-06,1,111.0,3820.0
84,1119-1808-0493,,,2023-11-06,1,1108.0,2621.0
85,1119-1808-0422,,,2023-11-06,1,1108.0,2621.0
86,2286-1064-1000,,,2023-11-08,1,1006.0,5329.0
87,2370-1051-0835,,,2023-11-08,1,1006.0,5329.0
88,2286-1064-0963,,,2023-11-08,1,1006.0,5329.0
89,2879-1345-0407,2879-1345-0407,,2023-11-08,1,1006.0,5329.0
90,2370-1051-0864,,,2023-11-08,1,1006.0,5329.0
91,2203-2043-1427,,,2023-11-08,1,1006.0,5329.0
92,INDE-1-9-23-1107,,,2023-11-08,1,1006.0,5329.0
93,JACK-2-23-1107,,,2023-11-08,1,1683.0,5180.0
94,JACK-1-23-1107,,,2023-11-08,1,1683.0,5180.0
95,BIO-1-23-1107,,,2023-11-08,1,1472.0,3402.0
96,1216-5672-0388,,,2023-11-08,1,1651.0,3840.0
97,York-6-23-1110,,,2023-11-10,1,254.0,784.0
98,GARR-1-23-1115,,,2023-11-15,1,11.0,20.0
99,4517-0104-0705,,,2023-11-15,1,602.0,823.0
100,2177-1262-114,,,2023-11-15,1,1847.0,5397.0
101,2377-1005-0573,,,2023-11-15,1,1259.0,2894.0
102,4666-0101-0104,,,2023-11-15,1,1318.0,3031.0
103,5505-0101-0454,,,2023-11-15,1,873.0,2500.0
104,5505-0101-0442,,,2023-11-15,1,873.0,2500.0
105,5505-0101-0456,,,2023-11-15,1,873.0,2500.0
106,5505-0101-0452,,,2023-11-15,1,873.0,2500.0
107,BOSQ-1-23-1122,,,2023-11-27,1,194.0,3216.0
108,4676-0101-8424,,,2023-11-27,1,194.0,3216.0
109,BRUN-1A-23-1122,,,2023-11-27,1,53.0,105.0
110,GULF-14-23-1122,,,2023-11-27,1,1824.0,5263.0
111,GULF-25-23-1122,,,2023-11-27,1,1824.0,5263.0
112,GULF-2-23-1122,,,2023-11-27,1,1824.0,5263.0
113,HENR-4A-23-1122,,,2023-11-28,1,503.0,616.0
114,HENR-4B-23-1122,,,2023-11-28,1,503.0,616.0
115,2898-0101-0246,,,2023-11-28,1,625.0,866.0
116,4558-0101-2264,,,2023-11-30,1,702.0,2015.0
117,SENT-U7-23-1129,,,2023-11-30,1,702.0,2015.0
118,SENT-U8-23-1129,,,2023-11-30,1,702.0,2015.0
119,SENT-U4-23-1129,,,2023-11-30,1,702.0,2015.0
120,SENT-U6-23-1129,,,2023-11-30,1,702.0,2015.0
121,DORA-B-23-1129,,,2023-11-30,1,290.0,759.0
122,DORA-T-23-1129,,,2023-11-30,1,290.0,759.0
123,1027-1819-2248,,,2023-11-30,1,253.0,3239.0
124,0930-1554-0644,,,2023-11-30,1,253.0,3239.0
125,0930-1554-0595,,,2023-11-30,1,210.0,3217.0
126,0706-1774-0612,,,2023-11-30,1,225.0,2953.0
127,0706-1774-0558,,,2023-11-30,1,202.0,2943.0
128,4070-0102-0144,,,2023-12-01,1,469.0,2127.0
129,TENA-23-1123,,,2023-12-03,1,456.0,551.0
130,KEND-23-1130,,,2023-12-04,1,1479.0,3423.0
131,LINK-2BL2-23-1206,,,2023-12-06,1,1107.0,2618.0
132,LINK-2BL3-23-1206,,,2023-12-06,1,1107.0,2618.0
133,LINK-2AL2-23-1206,,,2023-12-06,1,1107.0,2618.0
134,LINK-2AL3-23-1206,,,2023-12-06,1,1107.0,2618.0
135,5716-0101-0373,,,2023-12-06,1,1107.0,2618.0
136,5716-0201-0352,,,2023-12-06,1,1107.0,2618.0
137,5716-0101-0404,,,2023-12-06,1,1107.0,2618.0
138,5716-5000-3734,,,2023-12-06,1,1107.0,2618.0
139,BETH-U5-23-1206,,,2023-12-06,3,192.0,2938.0
140,BETH-U6-23-1206,,,2023-12-06,3,192.0,2938.0
141,2993-0101-0085,,,2023-12-11,1,3.0,15.0
142,VALE-3-23-1211,,,2023-12-11,1,391.0,401.0
143,0202-1288-1281,,,2023-12-11,1,1397.0,3202.0
144,WOLF-CO-23-1129,230028,,2023-12-11,2,,
145,2495-2179-0314,,,2023-12-18,1,897.0,2273.0
146,2495-2179-0265,,,2023-12-18,1,897.0,2273.0
147,SANT-3B-23-1221,,,2023-12-21,1,309.0,339.0
148,SANT-B4-23-1221,,,2023-12-21,1,309.0,339.0
149,SANT-1B-23-1221,,,2023-12-21,1,309.0,339.0
150,SRIR-2-24-0103,,,2024-01-03,1,1174.0,2751.0
151,4230-7001-0320,,,2024-01-03,1,1048.0,2516.0
152,4712-0101-4318,,,2024-01-03,1,1048.0,2516.0
153,REDB-1-24-0103,,,2024-01-03,1,1048.0,2516.0
154,1006-1511-0695,,,2024-01-04,1,1090.0,2584.0
155,1006-1511-0702,,,2024-01-04,1,1090.0,2584.0
156,TREA-24-0105,,,2024-01-05,1,985.0,2975.0
157,COLU-1-24-0108,,,2024-01-08,1,1447.0,3344.0
158,1218-1579-0981,,,2024-01-08,1,1447.0,3344.0
159,1119-1808-0449,230418,808,2024-01-11,1,,
160,1119-1808-0487,230418,808,2024-01-11,1,,
161,4734-0101-0333,,,2024-01-12,1,1028.0,2493.0
162,4734-0101-0342,,,2024-01-12,1,1028.0,2493.0
163,DEVO-15-24-0112,,,2024-01-12,1,140.0,
164,DEVO-18-24-0112,,,2024-01-12,1,140.0,
165,2388-3033-1773,,,2024-01-12,1,140.0,
166,DEVO-16-24-0112,,,2024-01-12,1,140.0,
167,PAST-B4-24-0122,,,2024-01-22,1,238.0,3284.0
168,MAGN-9-24-0122,,,2024-01-22,1,529.0,661.0
169,HOPE-29-24-0122,,,2024-01-22,3,1361.0,5398.0
170,HOPE-30-24-0122,,,2024-01-22,3,1361.0,5398.0
171,HOPE-34-24-0122,,,2024-01-22,3,1361.0,5398.0
172,HOPE-35-24-0122,,,2024-01-22,3,1361.0,5398.0
173,Mont-24-0123,,,2024-01-23,1,541.0,679.0
174,9270-1617-0543,,,2024-01-23,1,541.0,679.0
175,ALMO-3-24-0124,,,2024-01-24,1,1256.0,3398.0
176,2706-2042-1450,,,2024-02-06,1,333.0,292.0
177,DUKE-3-24-0212,,,2024-02-12,1,78.0,2279.0
178,1019-1378-0548,,,2024-02-16,1,219.0,2086.0
179,1019-1378-0473,,,2024-02-16,1,219.0,2086.0
180,LUNA-1-24-0216,,,2024-02-16,1,995.0,2435.0
181,4084-0101-5867,,,2024-02-28,1,1429.0,5399.0
182,2629-1037-0436,,,2024-02-29,1,415.0,448.0
183,BO-302-24-0229,,,2024-02-29,1,983.0,2655.0
184,7001-0010,,,2024-02-29,1,983.0,2655.0
185,4356-0101-0195,,,2024-02-29,1,983.0,2655.0
186,Mari-U700-24-0312,,,2024-03-12,1,897.0,2274.0
187,Mari-U900-24-0312,,,2024-03-12,1,897.0,2274.0
188,BETH-24-0312,,,2024-03-12,2,193.0,5441.0
189,2251-1193-1023,,,2024-03-13,1,236.0,2964.0
190,CaledoniaUnit2,,,2024-03-15,2,,
191,CaledoniaUnit3,,,2024-03-15,2,,
192,2289-1130-0400,,,2024-03-20,1,1011.0,4039.0
193,0411-1442-0857,,,2024-03-20,1,233.0,2962.0
194,JAcK-24-0326,,,2024-03-26,1,195.0,403.0
195,PAND-11-24-0326,,,2024-03-26,3,993.0,2430.0
196,PAND-12-24-0326,,,2024-03-26,3,993.0,2430.0
197,PAND-12-2-24-0326,,,2024-03-26,3,993.0,2430.0
198,PAND-11-2-24-0326,,,2024-03-26,3,993.0,2430.0
199,BETH-U7-24-0326,,,2024-03-26,3,192.0,2940.0
200,0519-3341-1926,,,2024-03-26,1,1052.0,2523.0
201,SEGU-CO-24-0327,,,2024-03-27,2,471.0,3057.0
202,MEDI-17-24-0402,N/A,N/A,2024-04-02,1,1565.0,3647.0
203,Duke-28-24-0404,N/A,N/A,2024-04-04,1,78.0,2279.0
204,2857-0102-1101,,,2024-04-05,1,570.0,766.0
205,GALL-U4A-24-0405,,,2024-04-05,1,41.0,67.0
206,GALL-U4B-24-0405,,,2024-04-05,1,41.0,67.0
207,GALL-U4C-24-0405,,,2024-04-05,1,41.0,67.0
208,2086-1286-1184,,,2024-04-08,1,238.0,3284.0
209,0815-1324-0479,N/A,N/A,2024-04-10,1,1418.0,3249.0
210,HARRIS-1A-24-0410,N/A,N/A,2024-04-10,1,559.0,734.0
211,HARRIS-1B-24-0410,N/A,N/A,2024-04-10,1,559.0,735.0
212,HARRIS-2A-24-0410,N/A,N/A,2024-04-10,1,559.0,736.0
213,HARRIS-2B-24-0410,N/A,N/A,2024-04-10,1,559.0,737.0
214,1803-8500-9235,N/A,N/A,2024-04-10,1,589.0,795.0
215,SAFI-2-24-0410,N/A,N/A,2024-04-10,1,589.0,796.0
216,BETH-U3-24-0416,,,2024-04-16,1,193.0,2462.0
217,2411-1300-0725,,,2024-04-16,1,251.0,2966.0
218,SANT-5A-24-0416,,,2024-04-16,1,444.0,606.0
219,SANT-5B-24-0416,,,2024-04-16,1,444.0,606.0
220,1105-2608-2777,,,2024-04-17,1,677.0,956.0
221,1105-2608-2715,,,2024-04-17,1,677.0,956.0
222,WEST-7A-24-0419,,,2024-04-19,1,591.0,3401.0
223,WEST-7B-24-0419,,,2024-04-19,1,591.0,3401.0
224,WEST-7C-24-0419,,,2024-04-19,1,591.0,3401.0
225,4556-7001-0019,,,2024-04-24,1,1148.0,2692.0
226,2293-1155-0481,,,2024-04-24,1,204.0,2258.0
227,CUMB-24-0419,,,2024-04-24,2,204.0,2258.0
228,2295-1126-1528,,,2024-04-26,1,1197.0,2791.0
229,2295-1126-1531,,,2024-04-26,1,1197.0,2791.0
230,2781-1335-1066,,,2024-04-26,1,193.0,5441.0
231,0919-1291-0646,,,2024-04-26,1,227.0,2959.0
232,2133-2330-3136,,,2024-04-26,1,1069.0,2681.0
233,0119-2417-1036,,,2024-04-26,1,1052.0,2521.0
234,STJO-24-0426,,,2024-04-26,1,1390.0,3190.0
235,STJO-CO-24-0426,,,2024-04-26,3,1390.0,3190.0
236,2108-1068-1773,,,2024-04-26,1,1140.0,2680.0
237,EDWA-24-0426,,,2024-04-26,3,102.0,5450.0
238,2551-1068-0425,,,2024-04-26,1,716.0,2520.0
239,BAYT-24-0426,,,2024-04-26,1,716.0,2520.0
240,2466-1347-2971,N/A,N/A,2024-04-30,1,242.0,3257.0
241,2395-1265-0759,N/A,N/A,2024-04-30,1,10.0,18.0
242,BRUN-1B-24-0430,N/A,N/A,2024-04-30,1,53.0,3444.0
243,2456-1333-1171,N/A,N/A,2024-04-30,1,1488.0,3442.0
244,2456-1333-1199,N/A,N/A,2024-04-30,1,1488.0,3443.0
245,2241-1214-1112,N/A,N/A,2024-04-30,1,7.0,2874.0
246,2241-1214-1071,N/A,N/A,2024-04-30,1,7.0,2872.0
247,2694-0101-3218,N/A,N/A,2024-05-06,1,1413.0,3740.0
248,MTST-U2L2-24-0506,,,2024-05-06,1,14.0,41.0
249,MTST-U1L3-24-0506,,,2024-05-06,1,14.0,41.0
250,MTST-U1L2-24-0506,,,2024-05-06,1,14.0,41.0
251,MTST-U1L1-24-0506,,,2024-05-06,1,14.0,41.0
252,MTST-U2L1-24-0506,,,2024-05-06,1,14.0,41.0
253,MTST-U3L1-24-0506,,,2024-05-06,1,14.0,41.0
254,MTST-U3L2-24-0506,,,2024-05-06,1,14.0,41.0
255,MTST-U3L3-24-0506,,,2024-05-06,1,14.0,41.0
256,6174-0101-0080,230501,6174,2024-05-07,1,,
257,4248-7001-3630,N/A,LCC 14,2024-05-13,1,47.0,2303.0
258,4248-7001-3585,N/A,LCC 13,2024-05-13,1,47.0,90.0
259,SISU-24-0513,N/A,N/A,2024-05-13,1,827.0,
260,6024-0101-0007,220595,6024,2024-05-14,1,,
261,TRACY-U8-CO-24-0430,240135,,2024-05-14,3,,
262,TRACY-U9-CO-24-0430,240135,,2024-05-14,3,,
263,6156-0102-8516,230457,6156,2024-05-21,1,,
264,2105-1020-0048,,2105,2024-06-10,1,229.0,2463.0
265,1292-1464,,,2024-06-10,1,995.0,2435.0
266,LUNA-2-1-24-0520,,,2024-06-10,1,995.0,2436.0
267,0122-6417-2300,,,2024-06-10,1,1052.0,2521.0
268,6157-0101-0006,230458,6157,2024-06-11,1,,
269,1215-02-1884,,,2024-06-11,1,1266.0,
270,244012230224,,,2024-06-11,1,1639.0,
271,2148-1056-0532,,,2024-06-11,1,1660.0,
272,2312-1104-1002,,,2024-06-11,1,1484.0,3587.0
273,2312-1104-0875,,,2024-06-12,1,1484.0,3588.0
274,264911901134,,,2024-06-13,1,64.0,155.0
275,0122-3417-2300,,,2024-06-13,1,1052.0,2522.0
276,2149-1060-0736,,2149,2024-06-13,1,272.0,3646.0
277,9270-16,,,2024-06-14,1,558.0,
278,4219-0101-5433,,4218,2024-06-14,1,242.0,
279,YORK-5-2-14-0624,,,2024-06-14,1,242.0,
280,AS24-00001,,,2024-06-14,1,47.0,
281,AS24-00002,,,2024-06-14,1,47.0,
282,AS24-00003,,2456,2024-06-17,1,1488.0,3442.0
283,AS24-00004,,2456,2024-06-17,1,1488.0,3442.0
284,2466-1347-0971,,2466,2024-06-17,1,242.0,3257.0
285,6827-1206-0394,,,2024-06-17,1,1540.0,3568.0
286,6827-1206-0391,,,2024-06-17,1,1540.0,3568.0
287,0827-1206-0394,,,2024-06-17,1,1540.0,3568.0
288,0827-1206-0391,,,2024-06-17,1,1540.0,3568.0
289,0827-1206-0398,,,2024-06-17,1,1540.0,3568.0
290,9112-2208-6961,,,2024-06-17,1,433.0,
291,TUNG-9-2-17-0624,,,2024-06-17,1,433.0,
292,TUNG-9-3-17-0624,,,2024-06-17,1,433.0,
293,9112-2208-6829,,,2024-06-17,1,433.0,
294,9112-2208-6831,,,2024-06-17,1,433.0,
295,9112-2208-6803,,,2024-06-17,1,433.0,
296,SRIR-1-17-0624,,,2024-06-18,1,1174.0,
297,CovePoint214JB_CO_2024,240224,,2024-06-19,2,,
298,BEAU-41-1-20-0624,,,2024-06-20,1,319.0,2049.0
301,2649-1190-1134,2649,,2024-06-20,1,64.0,155.0
302,TEMP-21-1-18-0624,,,2024-06-20,3,993.0,2432.0
303,TEMP-21-2-18-0624,,,2024-06-20,3,993.0,2432.0
304,TEMP-22-1-18-0624,,,2024-06-20,3,993.0,2434.0
305,TEMP-22-2-18-0624,,,2024-06-20,3,993.0,2434.0
306,AS24-00008,,,2024-06-20,3,993.0,2434.0
307,YORK-5-CO-20-0624,,,2024-06-20,2,254.0,783.0
308,YORK-6-CO-20-0624,,,2024-06-20,2,254.0,784.0
309,61260-0101-0006,240230,6260,2024-06-24,1,,
310,6259-0101-0007,240225,6259,2024-06-25,1,,
311,6270-0101-0007,240246,6270,2024-06-27,1,,
312,6206-0101-1255,240040,6206,2024-07-02,1,,
313,KEND-1-12-0724,,,2024-07-15,1,1479.0,
314,KEND-2-12-0724,,,2024-07-15,1,1479.0,
315,6272-0101-0006,240252,6272,2024-07-15,1,,
316,6273-0101-0007,240253,6273,2024-07-15,1,,
318,2084-1272-0026,,2094,2024-07-22,1,1665.0,3437.0
319,ROSE-1-10-0724,,,2024-07-22,1,1473.0,
320,4X48-0101-0059,,,2024-07-22,1,1573.0,5437.0
321,6276-0101-5572,240267,6276,2024-07-23,1,,
322,HayRd_U7_0325,240043,,2024-07-29,2,,
323,EAST-1-15-12-0724,,,2024-07-30,1,1377.0,3157.0
324,2602-1030-0975,2602,,2024-07-30,1,1257.0,
325,TORR-1-30-0724,,,2024-07-30,1,873.0,2234.0
326,TORR-2-30-0724,,,2024-07-30,4,873.0,2234.0
327,4345-0101-0915,4345,,2024-07-30,1,887.0,
328,6206-0101-3849,240040,6206,2024-08-01,1,,
329,COVE-L1-1- 5-0824,,,2024-08-05,3,272.0,
330,COVE-L1B-2- 5-0824,,,2024-08-05,3,272.0,
331,COVE-L2-3- 5-0824,,,2024-08-05,3,272.0,
332,COVE-L3-4- 5-0824,,,2024-08-05,3,272.0,
333,COVE-L4-5- 5-0824,,,2024-08-05,3,272.0,
334,COVE-L5-6- 5-0824,,,2024-08-05,3,272.0,
335,4316-0102-5070,,,2024-08-07,1,1174.0,2753.0
336,4137-0102-0984,,4137,2024-08-07,1,283.0,208.0
337,JOHN-U1-07-0824,,,2024-08-07,1,37.0,70.0
338,6249-0101-0007,240196,6249,2024-08-08,1,,
339,6126-0101-0058,230364,6126,2024-08-16,1,,
340,HogBa-1-24-0501,240060,,2024-08-20,2,,
341,0867-5309,,9964,2024-08-27,1,,
342,6210-0101-0007,240050,6210,2024-08-28,1,,
344,6192-0101-5037,230563,6192,2024-08-28,1,,
347,5763-0103-0401,,5763,2024-09-03,1,,
348,5763-0103-0396,,5763,2024-09-03,1,,
349,5768-0101-0011,,5768,2024-09-03,1,,
350,6261-0101-3331,,6261,2024-09-03,1,,
351,5707-0102-0075,,5707,2024-09-03,1,,
352,5707-0102-0084,,5707,2024-09-03,1,,
353,5707-0201-0364,,5707,2024-09-03,1,,
354,5707-0201-0365,,5707,2024-09-03,1,,
355,6126-0102-6233,,6126,2024-09-03,1,,
356,6273-0101-0006,,6273,2024-09-03,1,,
357,4205-0101-0196,,4205,2024-09-04,1,1666.0,2426.0
358,4205-0101-0201,,4205,2024-09-04,1,1666.0,2426.0
359,2550-1205-0888,,2550,2024-09-04,1,1865.0,5369.0
360,SHIN-L1-1-24-0904,,,2024-09-04,1,431.0,778.0
361,SHIN-TOP-2-24-0904,,,2024-09-04,1,431.0,778.0
362,SHIN-BTM-3-24-0904,,,2024-09-04,1,431.0,778.0
363,6242-0101-0018,240051,6242,2024-09-04,1,,
364,2303-2043-1331,,2303,2024-09-04,1,1006.0,5329.0
366,6048-0101-0619,,6048,2024-09-04,1,469.0,2127.0
367,4088-0101-0395,,4088,2024-09-04,1,822.0,2188.0
368,4087-0101-0332,,4087,2024-09-04,1,822.0,2187.0
370,6242-0101-0259,,6242,2024-09-04,1,,
371,2203-2043-1331,,2203,2024-09-05,1,1006.0,5329.0
372,2203-2043-1325,,2203,2024-09-05,1,1006.0,5329.0
373,2431-1050-1024,,2431,2024-09-05,1,1006.0,5330.0
374,2431-1050-1023,,24131,2024-09-05,1,1006.0,5330.0
375,6300-0101-0006,240314,6300,2024-09-09,1,,
376,BEAU-F6-1-09-0924,,,2024-09-10,1,319.0,3599.0
377,BEAU-F6-2-09-0924,,,2024-09-10,1,319.0,3599.0
378,BEAU-F6-3-09-0924,,,2024-09-10,1,319.0,3599.0
379,6293-0101-0006,240303,6293,2024-09-10,1,,
380,6300,,6300,2024-09-10,1,,
381,6300-01010-0006,,,2024-09-10,1,,
382,COPE-U1-L1-11-0924,,,2024-09-11,1,362.0,341.0
383,COPE-U1-L2-11-0924,,,2024-09-11,1,362.0,341.0
384,2181-4066-1490,,2181,2024-09-13,1,1300.0,
385,2181-1334-3624,,5181,2024-09-13,1,1300.0,
386,4400-0101-0363,,4400,2024-09-13,1,1401.0,3208.0
387,JACK-2-13-0924,,,2024-09-13,1,1401.0,3209.0
388,6193-0101-0008,230572,6193,2024-09-16,1,,
389,6225-0101-0006,240103,6225,2024-09-17,1,,
390,6267-0101-0006,240239,6267,2024-09-23,1,,
391,6203-0101-0006,240004,6203,2024-09-27,1,,
392,0503-9620-0061,,,2024-09-30,1,321.0,
393,COVE-7A-1-27-0924,,,2024-09-30,1,272.0,203.0
394,COVE-7A-CO-27-0924,,,2024-09-30,2,272.0,203.0
395,COVE-7B-1-27-0924,,,2024-09-30,1,272.0,204.0
396,COVE-7B-CO-27-0924,,,2024-09-30,2,272.0,204.0
397,COVE-7B-L1-AUX-27-0924,,,2024-09-30,3,272.0,204.0
398,COVE-7B-L2-AUX-27-0924,,,2024-09-30,3,272.0,204.0
399,2986-0102-4520,,2986,2024-09-30,1,319.0,2055.0
400,9270-1556-0322,,9270,2024-10-08,1,418.0,742.0
401,INEO-D108-1-08-1024,,,2024-10-08,1,970.0,2378.0
402,INEO-E106-2-08-1024,,,2024-10-08,1,970.0,2378.0
403,6275-0101-0007,240262,6275,2024-10-08,1,,
404,EDPT-U2-1-09-1024,,,2024-10-09,3,102.0,5451.0
405,2936-0101-4268,,2936,2024-10-09,1,599.0,2079.0
406,2936-0101-4267,,2936,2024-10-09,1,599.0,2080.0
407,4126-0101-1126,,4126,2024-10-10,1,807.0,2175.0
408,4126-0101-1136,,4126,2024-10-10,1,807.0,2176.0
409,GREC-U3-1-10-1024,,,2024-10-11,1,644.0,901.0
410,2458-1068-0160,,2458,2024-10-11,1,1617.0,
411,BRUN-1A-1-14-1024,,,2024-10-14,3,53.0,105.0
412,BRUN-1B-1-14-1024,,,2024-10-14,3,53.0,3444.0
413,BRUN-1C-1-14-1024,,,2024-10-14,3,53.0,3544.0
414,6312-0101-2799,240336,6312,2024-10-15,1,,
415,6313-0101-0007,240349,6313,2024-10-15,1,,
416,CovePoint7Fiber,240306,,2024-10-15,4,,
417,2344-1046-1469,,2344,2024-10-17,1,1811.0,6616.0
418,0220-1907-1476,,0220,2024-10-17,1,716.0,3160.0
419,BATN-U5-2-17-1024,,,2024-10-17,1,716.0,3160.0
420,2576-1002-0738,,2476,2024-10-17,1,10.0,150.0
421,4458-0101-0973,,4458,2024-10-17,1,411.0,3174.0
422,TORR-30F2-1-17-1024,,,2024-10-17,1,873.0,2280.0
423,2825-0102-0186,,2825,2024-10-18,1,1402.0,3214.0
424,2825-0102-0174,,2825,2024-10-18,1,1402.0,3215.0
425,4157-0101-7827,,4157,2024-10-18,1,866.0,2312.0
426,WATR-U1-1-18-1024,,,2024-10-18,1,524.0,656.0
427,WATR-U2-2-18-1024,,,2024-10-18,1,524.0,657.0
428,WATR-U3-3-18-1024,,,2024-10-18,1,524.0,658.0
429,1120X-5234-0477,,,2024-10-21,1,1653.0,3845.0
430,1120X-5234-0483,,,2024-10-21,1,1653.0,3846.0
431,6298-0101-0091,240261,6298,2024-10-22,1,,
432,4682-0101-0725,,4682,2024-10-23,1,,
433,CLIF-U5-1A-24-1024,,,2024-10-24,1,348.0,311.0
434,CLIF-U5-1B-24-1024,,,2024-10-24,1,348.0,311.0
435,CLIF-U5-2A-24-1024,,,2024-10-24,1,348.0,311.0
436,CLIF-U5-2B-24-1024,,,2024-10-24,1,348.0,311.0
437,FRAN-2B-1-24-1024,,,2024-10-24,1,558.0,732.0
438,THUM-1-24-1024,,,2024-10-24,1,177.0,
439,2557-1162-1236,,,2024-10-25,1,1136.0,2671.0
441,2557-1162-1201,,,2024-10-25,1,1136.0,2672.0
442,SILI-U1-1-25-1024,,,2024-10-25,2,639.0,891.0
443,SILI-U2-2-25-1024,,,2024-10-25,2,639.0,892.0
444,4336-0102-9501,,4336,2024-10-28,1,927.0,2417.0
445,JLST-6B-2-28-1024,,,2024-10-28,1,927.0,2418.0
446,0517-2341-2372,,0517,2024-10-30,1,1052.0,2524.0
447,1223-1220-0395,,0103,2024-10-30,1,1949.0,6602.0
448,0103-5220-0435,,,2024-10-30,1,1949.0,6603.0
449,1223-1220-0333,,,2024-10-30,1,1949.0,6604.0
450,HALI-L1-1-30-1024,,,2024-10-30,1,1695.0,3993.0
451,HALI-L2-2-30-1024,,,2024-10-30,1,1695.0,3993.0
452,2907-0103-0643,,2907,2024-10-30,1,587.0,3671.0
453,GREE-1A-1-30-1024,,,2024-10-30,2,587.0,3671.0
454,GREE-1B-2-30-1024,,,2024-10-31,2,587.0,792.0
455,GREE-1C-3-30-1024,,,2024-10-31,2,587.0,3508.0
456,AS24-00010,240198,,2024-10-31,2,,
457,240198-01,240198,,2024-10-31,2,,
458,6339-0101-1580,240401,6339,2024-10-31,1,,
459,6038-0101-1529 MT Prequal,230018,6038,2024-11-04,1,,
460,0318-1805-0804,,,2024-11-04,1,512.0,632.0
461,DBWL-S1-1-05-1104,,,2024-11-05,1,1446.0,
462,DBWL-S2-2-05-1104,,,2024-11-05,1,1446.0,
463,DBWL-S3-3-05-1104,,,2024-11-05,1,1446.0,
464,DBWL-S4-4-05-1104,,,2024-11-05,1,1446.0,
465,MT-1-1-24-1017,,,2024-11-06,2,1170.0,2744.0
466,MT-1-2-24-1017,,,2024-11-06,2,1170.0,2744.0
467,MT-1-3-24-1017,,,2024-11-06,2,1170.0,2744.0
468,MT-1-4-24-1017,,,2024-11-06,2,1170.0,2744.0
469,7140068015,,,2024-11-11,1,91.0,164.0
470,7140068008,,,2024-11-11,1,91.0,165.0
471,KEYS-U1L1 RxA 10.2024,230080,,2024-11-12,2,,
472,KEYS-U1L1 RxB 10.2024,230080,,2024-11-12,2,,
473,KEYS-U1L2 RxB 10.2024,230080,,2024-11-12,2,,
474,KEYS-U1L2 RxA 10.2024,230080,,2024-11-12,2,,
475,KEYS-U1L3 RxA 10.2024,230080,,2024-11-12,2,,
476,KEYS-U1L3 RxB 10.2024,230080,,2024-11-12,2,,
477,KEYS-U1L4 RxB 10.2024,230080,,2024-11-12,2,,
478,KEYS-U1L4 RxA 10.2024,230080,,2024-11-12,2,,
479,KEYS-U2L1 RxA 10.2024,230080,,2024-11-12,2,,
480,KEYS-U2L1 RxB 10.2024,230080,,2024-11-12,2,,
481,KEYS-U2L2 RxB 10.2024,230080,,2024-11-12,2,,
482,KEYS-U2L2 RxA 10.2024,230080,,2024-11-12,2,,
483,KEYS-U2L3 RxA 10.2024,230080,,2024-11-12,2,,
484,KEYS-U2L3 RxB 10.2024,230080,,2024-11-12,2,,
485,KEYS-U2L4 RxB 10.2024,230080,,2024-11-12,2,,
486,KEYS-U2L4 RxA 10.2024,230080,,2024-11-12,2,,
487,CLIF-U6-L1A-24-1031,2024DRF,,2024-11-12,2,,
488,CLIF-U6-L1B-24-1031,2024DRF,,2024-11-12,2,,
489,CLIF-U6-L3A-24-1031,2024DRF,,2024-11-12,2,,
490,CLIF-U6-L3B-24-1031,2024DRF,,2024-11-12,2,,
491,CLIF-U6-L4A-24-1031,2024DRF,,2024-11-12,2,,
492,CLIF-U6-L4B-24-1031,2024DRF,,2024-11-12,2,,
493,CLIF-U6-L2A-24-1031,2024DRF,,2024-11-12,1,,
494,CLIF-U6-L2B-24-1031,2024DRF,,2024-11-12,1,,
495,LNGV-U1-BTM-N-24-1016,240214,,2024-11-13,3,,
496,LNGV-U1-BTM-S-24-1016,240214,,2024-11-13,3,,
497,LNGV-U1-MID-S-24-1016,240214,,2024-11-13,3,,
498,LNGV-U1-MID-N-24-1016,240214,,2024-11-13,3,,
499,LNGV-U1-TOP-N-24-1016,240214,,2024-11-13,3,,
500,LNGV-U1-TOP-S-24-1016,240214,,2024-11-13,3,,
501,4666-0101-0108,,4666,2024-11-13,1,1318.0,3031.0
502,0919-1553-0322,,0919,2024-11-13,1,301.0,233.0
503,9112-2411-5530-13-1 (MM 150 ppm Pd),MM Prequal,,2024-12-11,1,,
504,9112-2411-5530-14-1 (MM 350 ppm Pd),MM Prequal,,2024-12-11,1,,
505,PLUM-U1TOPA-24-0830,240479,,2024-11-13,2,,
506,PLUM-U1TOPB-24-0830,240479,,2024-11-13,2,,
507,PLUM-U1BTMB-24-0830,240479,,2024-11-13,2,,
508,PLUM-U1BTMA-24-0830,240479,,2024-11-13,2,,
509,PTCT-U1-1-24-1114,,,2024-11-14,1,700.0,
510,RDBD-U1-1-24-1113,,,2024-11-14,1,1048.0,2516.0
512,240298-PCS-1,240298,,2024-11-14,1,,
513,RDBD-U2-2-24-1113,,,2024-11-18,1,1048.0,2517.0
514,RDBD-U3-3-24-1113,,,2024-11-18,1,1048.0,2518.0
515,RDBD-U4-4-24-1113,,,2024-11-18,1,1048.0,2519.0
516,MONR-U2-L1-N-24-1118,,,2024-11-18,2,1067.0,2550.0
517,MONR-U2-L2-N-24-1118,,,2024-11-18,2,1067.0,2550.0
518,MONR-U2-L3-N-24-1118,,,2024-11-18,2,1067.0,2550.0
519,MONR-U2-L1-S-24-1118,,,2024-11-18,2,1067.0,2550.0
520,MONR-U2-L2-S-24-1118,,,2024-11-18,2,1067.0,2550.0
521,MONR-U2-L3-S-24-1118,,,2024-11-18,2,1067.0,2550.0
522,MONR-U2-L4-24-1118,,,2024-11-18,1,1067.0,2550.0
523,0430-4263-0541,,0430,2024-11-18,1,247.0,2685.0
524,SUTT-01-2-24-1114,,,2024-11-18,2,247.0,2685.0
525,0810-1351-0562,,0810,2024-11-18,1,208.0,2946.0
526,9110-1728-0445,,,2024-11-18,1,10.0,19.0
527,0111-1320-2618,,,2024-11-18,1,1788.0,5145.0
528,2314-1339-0736,,2314,2024-11-18,1,226.0,2956.0
529,BUCK-CO-1-24-1115,,,2024-11-18,2,71.0,
530,6298-0104-0774,240261,6298,2024-11-19,1,,
531,AS24-00011,240214,,2024-11-21,3,1425.0,3266.0
532,AS24-00012,240214,,2024-11-21,3,1425.0,3266.0
533,AS24-00013,240214,,2024-11-21,3,1425.0,3266.0
534,AS24-00014,240214,,2024-11-21,3,1425.0,3266.0
535,AS24-00015,240214,,2024-11-21,3,1425.0,3266.0
536,AS24-00016,240214,,2024-11-21,3,1425.0,3266.0
537,OCPP-562A-TOP-24-1121,,,2024-11-21,1,671.0,944.0
538,OCPP-562B-BOT-24-1121,,,2024-11-21,1,671.0,944.0
539,OCPP-561A-TOP-24-1121,,,2024-11-21,1,671.0,944.0
540,OCPP-561B-BOT-24-1121,,,2024-11-21,1,671.0,944.0
541,240544-PCP-1,240544,,2024-11-22,2,,
542,240508-PCP-1,240508,,2024-11-22,2,,
543,6307-0101-0911,240330,6307,2024-11-22,1,,
544,AS24-00017,240479,,2024-11-25,2,414.0,447.0
545,AS24-00018,240479,,2024-11-25,2,414.0,447.0
546,AS24-00019,240479,,2024-11-25,2,414.0,447.0
547,AS24-00020,240479,,2024-11-25,2,414.0,447.0
548,AS24-00021,240479,,2024-11-25,2,414.0,447.0
549,AS24-00022,240479,,2024-11-25,2,414.0,447.0
550,AS24-00023,240479,,2024-11-25,2,414.0,447.0
551,AS24-00024,240479,,2024-11-25,2,414.0,447.0
552,AS24-00025,240479,,2024-11-25,2,414.0,447.0
553,AS24-00026,240479,,2024-11-25,2,414.0,447.0
554,AS24-00027,240479,,2024-11-25,2,414.0,447.0
555,AS24-00028,240479,,2024-11-25,2,414.0,447.0
556,AS24-00029,240479,,2024-11-25,2,414.0,447.0
557,AS24-00030,240479,,2024-11-25,2,414.0,447.0
558,AS24-00031,240479,,2024-11-25,2,414.0,447.0
559,AS24-00032,240479,,2024-11-25,2,414.0,447.0
560,AS24-00033,230080,,2024-11-25,2,150.0,2472.0
561,AS24-00034,230080,,2024-11-25,2,150.0,2472.0
562,AS24-00035,230080,,2024-11-25,2,150.0,2472.0
563,AS24-00036,230080,,2024-11-25,2,150.0,2472.0
564,AS24-00037,230080,,2024-11-25,2,150.0,2472.0
565,AS24-00038,230080,,2024-11-25,2,150.0,2472.0
566,AS24-00039,230080,,2024-11-25,2,150.0,2472.0
567,AS24-00040,230080,,2024-11-25,2,150.0,2472.0
568,AS24-00041,230080,,2024-11-25,2,150.0,2474.0
569,AS24-00042,230080,,2024-11-25,2,150.0,2474.0
570,AS24-00043,230080,,2024-11-25,2,150.0,2474.0
571,AS24-00044,230080,,2024-11-25,2,150.0,2474.0
572,AS24-00045,230080,,2024-11-25,2,150.0,2474.0
573,AS24-00046,230080,,2024-11-25,2,150.0,2474.0
574,AS24-00047,230080,,2024-11-25,2,150.0,2474.0
575,AS24-00048,230080,,2024-11-25,2,150.0,2474.0
576,GAVN-U2-L1R1-24-1121,,,2024-12-03,2,883.0,2982.0
577,GAVN-U2-L1R2-24-1121,,,2024-12-03,1,883.0,2982.0
578,GAVN-U2-L1R3-24-1121,,,2024-12-03,2,883.0,2982.0
579,GAVN-U2-L2R1-24-1121,,,2024-12-03,2,883.0,2982.0
580,GAVN-U2-L2R2-24-1121,,,2024-12-03,2,883.0,2982.0
581,GAVN-U2-L2R3-24-1121,,,2024-12-03,2,883.0,2982.0
582,GAVN-U2-L3R3-24-1121,,,2024-12-03,1,883.0,2982.0
583,GAVN-U2-L4R1-24-1121,,,2024-12-03,2,883.0,2982.0
584,GAVN-U2-L4R2-24-1121,,,2024-12-03,2,883.0,2982.0
585,GAVN-U2-L4R3-24-1121,,,2024-12-03,2,883.0,2982.0
586,0210-01-2174,,,2024-12-05,1,1862.0,5346.0
587,4114-0101-1982,4114,,2024-12-05,1,859.0,2220.0
588,0220-02-2873,,,2024-12-05,1,1862.0,5347.0
589,0225-03-1222,,,2024-12-05,1,1862.0,5348.0
590,BEAU-42-1-24-1205,,,2024-12-05,1,319.0,2054.0
591,269313430825,,,2024-12-09,1,191.0,2936.0
592,BRUN-1C-1-24-1209,,,2024-12-09,1,53.0,3544.0
593,4517-0104-0704,4517,,2024-12-09,1,602.0,823.0
594,GILR-GT1-1-24-1209,,,2024-12-09,1,213.0,3218.0
595,4219-0101-5457,4219,,2024-12-09,1,254.0,2453.0
596,240461-PCS-1,240461,,2024-12-09,1,,
597,240454-PCP-1,240454,,2024-12-09,2,,
598,6077-0101-0007,230170,6077,2024-12-09,1,,
599,WEST-4-1-24-1210,,,2024-12-10,1,338.0,297.0
600,WEST-4-2-24-1210,,,2024-12-10,1,338.0,297.0
601,WEST-4-3-24-1210,,,2024-12-10,1,338.0,297.0
602,WEST-4-4-24-1210,,,2024-12-10,1,338.0,297.0
603,WEST-4-5-24-1210,,,2024-12-10,1,338.0,297.0
604,WEST-4-6-24-1210,,,2024-12-10,1,338.0,297.0
605,7270001033,,,2024-12-12,1,651.0,2998.0
606,1002142-145-51,,,2024-12-12,1,651.0,2998.0
607,234512600620,,,2024-12-12,1,451.0,5469.0
608,GH4-2-L3-24-1212,,,2024-12-12,2,1212.0,2820.0
609,GH4-2-L2-24-1212,,,2024-12-12,2,1212.0,2820.0
610,GH4-1-L2-24-1212,,,2024-12-12,2,1212.0,2820.0
611,GH4-1-L3-24-1212,,,2024-12-12,2,1212.0,2820.0
612,CUMB-2B-1-24-1212,,,2024-12-12,1,44.0,77.0
613,CUMB-2A-2-24-1212,,,2024-12-12,1,44.0,77.0
614,CUMB-2A-3-24-1212,,,2024-12-12,1,44.0,77.0
615,CUMB-2B-4-24-1212,,,2024-12-12,1,44.0,77.0
616,GTLK-1CGL-1-24-1212,,,2024-12-12,1,300.0,229.0
617,273931170749,,,2024-12-12,1,300.0,229.0
618,2121-1179-0405,,2121,2024-12-12,1,1473.0,3403.0
619,240298-PCS-2,240298,,2024-12-13,1,,
620,240316-PCP-1,240394,,2024-12-13,2,,
621,6356-0101-3375,240481,6356,2024-12-17,1,,
622,HARD-7-1-24-1217,,,2024-12-17,1,351.0,315.0
623,HARD-7-2-24-1217,,,2024-12-17,1,351.0,315.0
624,2372-1179-0978,,,2024-12-18,1,1294.0,2993.0
625,2372-1179-1000,,,2024-12-18,1,1294.0,2994.0
626,LANS-2-1-24-1218,,,2024-12-18,1,1175.0,2755.0
627,LANS-3-2-24-1218,,,2024-12-18,1,1175.0,2755.0
628,0608-1302-0846,,,2024-12-19,1,213.0,2110.0
629,1229-1677-0880,,,2024-12-19,1,1400.0,3205.0
630,1229-1677-0916,,,2024-12-19,1,1400.0,3206.0
631,1229-1677-0913,,,2024-12-19,1,1400.0,3207.0
632,6318-0101-2363,240348,6318,2025-01-02,1,,
633,6317-0101-3583,240348,6317,2025-01-02,1,,
634,2907-0103-0648,,2907,2025-01-07,1,587.0,792.0
635,TRIM-2-1A-24-0108,,,2025-01-08,2,351.0,
636,TRIM-2-2A-24-0108,,,2025-01-08,2,351.0,
637,TRIM-2-3A-24-0108,,,2025-01-08,2,351.0,
638,TRIM-2-1B-24-0108,,,2025-01-08,2,351.0,
639,TRIM-2-2B-24-0108,,,2025-01-08,2,351.0,
640,TRIM-2-3B-24-0108,,,2025-01-08,2,351.0,
641,NEW,,,2025-01-08,2,351.0,
642,ROCK-2-21-24-0109,,,2025-01-09,2,1223.0,2844.0
643,ROCK-2-22-24-0109,,,2025-01-09,2,1223.0,2844.0
644,ROCK-2-23-24-0109,,,2025-01-09,2,1223.0,2844.0
645,6330-0101-0296,240373,6330,2025-01-09,1,,
649,1603-0761,,,2025-01-13,1,62.0,152.0
650,2680-0102-2670,,,2025-01-13,1,62.0,156.0
651,6307-0103-4058,,6307,2025-02-07,1,,
652,6325-0101-0136,240366,6325,2025-01-13,1,,
653,240300-PCS-1,240300,,2025-01-13,2,,
654,6214-0101-0465,240039,6214,2025-01-13,1,,
655,6326-0101-0088,240368,6326,2025-01-13,1,,
656,6168-0101-2117,230477,6168,2025-01-13,1,,
657,6169-0101-1145,230477,6169,2025-01-13,1,,
658,6170-0101-0534,230477,6170,2025-01-13,1,,
659,AS25-00003,200189,4506,2025-01-14,1,,
660,AS25-00004,240400,6341,2025-01-14,1,,
661,6338-0101-0545,240396,6338,2025-02-27,1,,
662,AS25-00006,230475,6165,2025-01-14,1,,
663,6186 LL1,230542,6186,2025-02-28,1,,
664,6203-0101-0035,240004,6203,2025-01-14,1,,
665,AS25-00008,240106,6227,2025-01-14,1,,
666,AS25-00009,240114,6232,2025-01-14,1,,
667,AS25-00010,240114,6233,2025-01-14,1,,
668,AS25-00011,240114,6234,2025-01-14,1,,
669,AS25-00012,240307,6294,2025-01-14,1,,
670,240545-PCS-1,240545,,2025-01-14,2,,
671,240454-PCS-1,240454,,2025-01-14,2,,
672,6303-0101-0293,240319,6303,2025-02-28,1,,
673,6340-0101-0825,240399,6340,2025-01-14,1,,
674,6340-0101-0827,240399,6340,2025-01-14,1,,
675,6340-0101-0828,240399,6340,2025-01-14,1,,
676,6255-0101-0097,240212,6255,2025-01-14,1,,
677,6331-0101-0218,240374,6331,2025-01-14,1,,
678,BETH_CO-U2.3-20240423,,,2025-01-14,2,193.0,5441.0
679,Beth-CO-U1.1-2024.03.12,240043,NonCM,2025-01-14,2,193.0,5438.0
680,6337-0101-0478,240354,6337,2025-01-15,1,,
681,Borg-1-2025.01.15,250005,4387,2025-01-15,1,1225.0,3048.0
682,AS25-00015,240150,6243,2025-01-15,1,,
683,AS25-00016,240233,6265,2025-01-15,1,,
684,AS25-00017,240234,6266,2025-01-15,1,,
685,6333-0101-0007.,240377,6333,2025-02-26,1,,
686,6345-0101-0372,240415,6345,2025-01-15,1,,
687,6347-0101-1708,240428,6347,2025-02-27,1,,
688,6354-0101-0012,240462,6354,2025-01-15,1,,
689,6358-0101-0728,240460,6358,2025-03-03,1,,
690,6355-0101-0035,240473,6355,2025-01-15,1,,
691,6379-0101-0251,240565,6379,2025-01-15,1,,
692,6373-0101-0332,240554,6373,2025-01-15,1,,
693,WARR-1A-1-24-0116,,,2025-01-16,2,267.0,192.0
694,WARR-1B-2-24-0116,,,2025-01-16,2,267.0,193.0
695,WARR-1C-3-24-0116,,,2025-01-16,2,267.0,197.0
696,0627-1576-0801,,0627,2025-01-16,1,146.0,3590.0
697,0627-1576-0767,,0627,2025-01-16,1,146.0,3591.0
698,6333-0101-0007,240377,6333,2025-01-17,1,,
699,Monroe-U2-L1-N,,,2025-01-17,2,1067.0,2550.0
700,Monroe-U2-L1-S,,,2025-01-17,2,1067.0,2550.0
701,Monroe-U2-L2-N,,,2025-01-17,2,1067.0,2550.0
702,Monroe-U2-L2-S,,,2025-01-17,2,1067.0,2550.0
703,Monroe-U2-L3-N,,,2025-01-17,2,1067.0,2550.0
704,Monroe-U2-L3-S,,,2025-01-17,2,1067.0,2550.0
705,MONR-U2-L1-N,,,2025-01-17,2,1067.0,2550.0
706,240531-PCP-1,240531,,2025-01-17,1,,
707,240300-PCS-2,240300,,2025-01-17,2,,
708,AS25-00021,240481,6356,2025-01-21,1,,
709,6376-0101-1732,240525,6376,2025-02-26,1,,
710,6381-0101-0862,240525,6381,2025-02-26,1,,
711,AS25-00024,240569,6382,2025-01-21,1,,
712,AS25-00025,240381,6335,2025-01-21,1,,
713,AS25-00026,230460,6160,2025-01-21,1,,
714,AS25-00027,230169,6070,2025-01-21,1,,
715,AS25-00028,240105,6226,2025-01-21,1,,
716,AS25-00029,240559,6375,2025-01-21,1,,
717,6349-0101-0007,240421,6349,2025-02-24,1,,
718,AS25-00031,240421,6350,2025-01-22,1,,
719,6351-0101-0007,240421,6351,2025-02-27,1,,
720,AS25-00033,240421,6352,2025-01-22,1,,
721,6363-0101-0366,240515,6363,2025-02-26,1,,
722,6383-0101-0001,240570,6383,2025-02-28,1,,
723,6366-0101-0001,240490,6366,2025-02-27,1,,
724,261100900535,,2611,2025-01-22,1,418.0,455.0
725,6367-0101-0001,240533,6367,2025-02-27,1,,
726,AS25-00038,240593,6392,2025-01-22,1,,
727,AS25-00039,240302,6292,2025-01-22,1,,
728,AS25-00040,240494,6360,2025-01-22,1,,
729,AS25-00041,240413,6344,2025-01-22,1,,
730,AS25-00042,240418,6346,2025-01-22,1,,
731,5708-0105-0311,230012,5708,2025-01-22,1,,
732,5708-0105-0312,230012,5708,2025-01-22,1,,
733,5747-0303-0454,230593,5747,2025-01-22,1,,
734,5747-0502-0301,230593,5747,2025-01-22,1,,
735,5747-0401-0305,230593,5747,2025-01-23,1,,
736,5764-0204-0403,240297,5764,2025-01-22,1,,
737,5764-0301-0600,240297,5764,2025-01-22,1,,
738,5767-0101-0292,240316,5767,2025-02-28,1,,
739,5769-0102-0475,240251,5769,2025-01-22,1,,
740,5769-0102-0479,240251,5769,2025-01-22,1,,
741,5769-0102-0557,240251,5769,2025-01-22,1,,
742,5770-0101-0451,240391,5770,2025-01-22,1,,
743,5779-0105-0551,240300,5779,2025-01-30,1,,
744,5779-0204-0454,240300,5779,2025-01-30,1,,
745,5774-0103-0095,240470,5774,2025-02-28,1,,
746,5774-0201-0060,240470,5774,2025-02-28,1,,
747,5774-0301-0150,240470,5774,2025-02-28,1,,
748,5774-0401-0600,240470,5774,2025-02-28,1,,
749,5774-0502-0304,240470,5774,2025-02-28,1,,
750,5774-0601-0459,240470,5774,2025-02-28,1,,
751,5774-0703-0300,240470,5774,2025-02-28,1,,
752,5781-0102-0320,240579,5781,2025-02-27,1,,
753,5781-0102-0342,240579,5781,2025-02-27,1,,
754,5781-0102-0347,240579,5781,2025-02-27,1,,
755,5777-0101-0303,240539,5777,2025-02-28,1,,
756,5778-0101-0604,240541,5778,2025-02-28,1,,
757,CL LL1,240556,6374,2025-01-23,1,,
758,CL LL1 2,240556,6374,2025-01-23,1,,
759,CL LL2,240556,6374,2025-01-23,1,,
760,CL LL2 2,240556,6374,2025-01-23,1,,
761,C FCC LL1,240573,6385,2025-01-23,1,,
762,C FCC LL1 2,240573,6385,2025-01-23,1,,
763,C FCC LL1 3,240573,6385,2025-01-23,1,,
764,C FCC LL2,240573,6385,2025-01-23,1,,
765,C FCC LL2 2,240573,6385,2025-01-23,1,,
766,C FCC LL2 3,240573,6385,2025-01-23,1,,
767,5772 LL1,240422,5772,2025-02-28,1,,
768,5772 LL2,240422,5772,2025-02-28,1,,
769,5772 LL3,240422,5772,2025-02-28,1,,
770,5771 LL1,240422,5771,2025-02-28,1,,
771,5775 LL1,240511,5775,2025-02-28,1,,
772,2108-1068-1661,,2108,2025-01-24,1,321.0,266.0
773,4352-0101-0806,,4352,2025-01-24,1,321.0,266.0
774,ELM-L1-RxA-01.24,,,2025-01-28,2,671.0,
775,ELM-L2-RxA-01.24,,,2025-01-28,2,671.0,
776,ELM-L3-RxA-01.24,,,2025-01-28,2,671.0,
777,ELM-L4-RxA-01.24,,,2025-01-28,2,671.0,
778,ELM-L4-RxB-01.24,,,2025-01-28,2,671.0,
779,OAK-L3-RxB-01.24,,,2025-01-28,2,671.0,
780,ELM-L2-RxB-01.24,,,2025-01-28,2,671.0,
781,ELM-L1-RxB-01.24,,,2025-01-28,2,671.0,
782,ELM-U1L1-RxA-01.24,,,2025-01-29,2,1089.0,2580.0
783,ELM-U1L2-RxA-01.24,,,2025-01-29,2,1089.0,2580.0
784,ELM-U1L3-RxA-01.24,,,2025-01-29,2,1089.0,2580.0
785,ELM-U1L4-RxA-01.24,,,2025-01-29,2,1089.0,2580.0
786,ELM-U1L1-RxB-01.24,,,2025-01-29,2,1089.0,2580.0
787,ELM-U1L2-RxB-01.24,,,2025-01-29,2,1089.0,2580.0
788,ELM-U1L3-RxB-01.24,,,2025-01-29,2,1089.0,2580.0
789,ELM-U1L4-RxB-01.24,,,2025-01-29,2,1089.0,2580.0
790,4995-0101-0001,220516,4995,2025-01-30,1,,
791,INDY-1 North-1-25-0130,,,2025-01-30,1,930.0,2315.0
792,5764-0101-0775,240297,5764,2025-01-31,1,,
793,240148-PCS-1,240148-1,,2025-02-05,2,,
794,240148-PCS-2,240148-1,,2025-02-05,2,,
795,Borg-1-2025.01.15-Debris,,4387,2025-02-05,4,,
796,240508-PCS-1,240508,,2025-02-07,2,,
797,240508-PCS-2,240508,,2025-02-07,2,,
798,6276-0101-5582,,6276,2025-02-07,1,436.0,5600.0
799,240394-PCP-1,240394,,2025-02-07,2,,
800,WOLF-5A-1-25-0212,,,2025-02-12,2,1980.0,
801,WOLF-5B-2-25-0212,,,2025-02-12,2,1980.0,
802,240545-PCS-2,240545,,2025-02-13,2,,
803,240316-PCP-2,240316,,2025-02-13,1,,
804,240539-PCS-1,240539,,2025-02-13,2,,
805,6390-0101-0006,240578,6390,2025-02-14,1,,
806,6390 LL2,240578,6390,2025-02-14,1,,
807,2544,,,2025-02-21,1,444.0,606.0
808,0409-2564,,,2025-02-21,1,444.0,607.0
809,276313931425,,,2025-02-21,1,444.0,525.0
810,240541-PCS-1,240541,,2025-02-24,2,,
811,240394-PCS-1,240394,,2025-02-24,2,,
812,6380 LL1,240564,6380,2025-02-26,1,,
813,6369 LL1,240547,6369,2025-02-26,1,,
814,6401 LL1,240606,6401,2025-02-26,1,,
815,6402 LL1,240606,6402,2025-02-26,1,,
816,6400 LL1,240604,6400,2025-02-26,1,,
817,6417 LL1,250029,6417,2025-02-26,1,,
818,6419 LL1,250035,6419,2025-02-26,1,,
819,6282 LL1,240281,6282,2025-02-26,1,,
820,6371-0101-0201,240459,6371,2025-02-27,1,,
821,5787 LL1,250041,5787,2025-02-27,1,,
822,6399 LL1,240601,6399,2025-02-27,1,,
823,6397 LL1,240597,6397,2025-02-27,1,,
824,SAGU-1-1-25-0225,,,2025-02-27,1,180.0,552.0
825,6384 LL1,240567,6384,2025-02-27,1,,
826,6398 LL1,240598,6398,2025-02-27,1,,
827,0209-1510-0906,,,2025-02-27,1,1032.0,2846.0
828,6393 LL1,240594,6393,2025-02-27,1,,
829,0209-1510-0708,,,2025-02-27,1,1032.0,2847.0
830,6334-0101-0415,240378,6334,2025-02-27,1,,
831,5785 LL1,250004,5785,2025-02-27,1,,
832,5785 LL2,250004,5785,2025-02-27,1,,
833,DELT-1-25-0227,,,2025-02-27,1,1706.0,3980.0
834,5786 LL1,250004,5786,2025-02-28,1,,
835,5786 LL2,250004,5786,2025-02-28,1,,
836,5786 LL3,250004,5786,2025-02-28,1,,
837,6368 LL1,240535,6368,2025-02-28,1,,
838,6412 LL1,250003,6412,2025-02-28,1,,
839,5780 LL1,240571,5780,2025-02-28,1,,
840,5780 LL2,240571,5780,2025-02-28,1,,
841,5780 LL3,240571,5780,2025-02-28,1,,
842,5747-0101-0440,230593,5747,2025-02-28,1,,
843,5747-0201-0375,230593,5747,2025-02-28,1,,
844,5773 LL1,240445,5773,2025-02-28,1,,
845,5773 LL2,240445,5773,2025-02-28,1,,
846,5773 LL3,240445,5773,2025-02-28,1,,
847,5773 LL4,240445,5773,2025-02-28,1,,
848,5782 LL1,240587,5782,2025-02-28,1,,
849,5782 LL2,240587,5782,2025-02-28,1,,
850,5782 LL3,240587,5782,2025-02-28,1,,
851,5782 LL4,240587,5782,2025-02-28,1,,
852,5782 LL5,240587,5782,2025-02-28,1,,
853,6186 LL2,230542,6186,2025-02-28,1,,
854,6186 LL3,230542,6186,2025-02-28,1,,
855,280510280962,,,2025-03-03,1,503.0,
856,240540-PCS-1,240540,,2025-03-03,2,,
857,240540-PCS-2,240540,,2025-03-03,2,,
858,VALE-F4460-1-25-0303,,,2025-03-03,1,384.0,673.0
859,ELDO-1-25-0305,,,2025-03-05,1,290.0,216.0
860,6291-0101-0080,,6291,2025-03-05,1,290.0,216.0
861,4561-0101-0791,,4561,2025-03-05,3,588.0,793.0
